,Date Stamp,Predicted Value,Predicted_limit_lower,Predicted_limit_upper,Actual Value
0,1/1/2015,34285.70097,4779.851216,63877.3644,19263
1,1/2/2015,31836.38998,1343.563882,62351.6064,24898
2,1/3/2015,19825.24094,-13016.19419,49919.58477,24912
3,1/4/2015,17255.05296,-11533.36426,48345.99903,25660
4,1/5/2015,26941.35314,-5989.834113,57370.87804,33899
5,1/6/2015,29403.28365,-950.213595,60167.22123,31205
6,1/7/2015,29276.70382,-2611.577321,59216.9925,27435
7,1/8/2015,27372.84842,-2474.682849,55520.86556,27346
8,1/9/2015,25482.12767,-6946.761384,56238.7564,28158
9,1/10/2015,14092.8511,-17518.48125,44418.93927,25928
10,1/11/2015,12194.09117,-19805.12396,43048.07556,25830
11,1/12/2015,22587.34761,-7429.204056,53420.88196,28223
12,1/13/2015,25777.71804,-5834.969898,56851.42549,29151
13,1/14/2015,26387.27836,-5700.15234,58699.8184,29351
14,1/15/2015,25214.00782,-3709.19036,55939.19816,28866
15,1/16/2015,24035.83886,-6268.536434,54938.4672,28362
16,1/17/2015,13329.6086,-18220.235,44483.22449,26132
17,1/18/2015,12074.12328,-18462.59224,40796.83462,28671
18,1/19/2015,23061.99234,-8753.854751,55459.37725,29296
19,1/20/2015,26790.93488,-1958.966112,57947.46843,29907
20,1/21/2015,27877.25908,-3784.596163,58935.66323,31092
21,1/22/2015,27114.84809,-5833.426261,58253.38599,31542
22,1/23/2015,26279.23189,-4234.891901,56810.35283,30045
23,1/24/2015,15846.52194,-15126.87052,45982.03254,26772
24,1/25/2015,14796.42127,-15266.26939,45726.58733,26039
25,1/26/2015,25923.9685,-6226.807885,57635.69467,29224
26,1/27/2015,29730.72139,-2112.129737,61373.27957,30722
27,1/28/2015,30838.08395,1030.660932,63010.94231,30816
28,1/29/2015,30046.1149,-1223.048508,61182.16127,29774
29,1/30/2015,29137.4015,-2129.32874,60708.56414,29321
30,1/31/2015,18595.78085,-12082.83191,51269.42117,27779
31,2/1/2015,17409.12666,-14028.91621,48481.44905,27711
32,2/2/2015,28380.86559,-4788.665907,58890.85687,29761
33,2/3/2015,32020.93437,-1852.574271,62424.45276,30372
34,2/4/2015,32958.88719,1981.870269,61272.52137,30954
35,2/5/2015,32002.49654,-583.0958304,61143.64847,29588
36,2/6/2015,30941.43614,2333.434415,62168.63319,30152
37,2/7/2015,20265.83291,-12117.54731,49930.85824,27780
38,2/8/2015,18968.90919,-10717.94516,47830.47757,27356
39,2/9/2015,29858.38302,1728.063459,61412.08293,29955
40,2/10/2015,33447.33972,3720.637384,63346.3428,32602
41,2/11/2015,34367.28598,3658.710187,65007.12366,33557
42,2/12/2015,33426.73031,3393.436526,64945.85047,33134
43,2/13/2015,32414.87862,720.3918417,64125.50436,34749
44,2/14/2015,21820.23057,-9620.143598,50377.09151,30067
45,2/15/2015,20633.29664,-9312.368019,51491.58386,28976
46,2/16/2015,31658.10099,197.8991375,61069.82588,31023
47,2/17/2015,35403.1803,4687.124295,66465.43279,31863
48,2/18/2015,36494.78603,6221.466069,69804.55907,32593
49,2/19/2015,35735.62991,6365.489488,67943.06987,33493
50,2/20/2015,34908.75658,3702.787372,65548.97775,32527
51,2/21/2015,24496.32451,-4729.414623,56332.94264,30752
52,2/22/2015,23482.50989,-5420.6074,53209.3882,30288
53,2/23/2015,34665.19377,4391.272772,66950.00977,32872
54,2/24/2015,38547.13775,8648.100635,68045.4497,35938
55,2/25/2015,39749.35115,8325.558526,70913.75442,37625
56,2/26/2015,39069.98508,11177.57088,70835.14519,36263
57,2/27/2015,38288.3338,6848.509942,68637.55217,34573
58,2/28/2015,27883.72112,-4337.593349,57685.29993,31581
59,3/1/2015,26838.48415,-3890.220101,58876.82517,33340
60,3/2/2015,37949.71267,6855.901716,68580.68793,35159
61,3/3/2015,41720.44844,11401.44358,72432.3678,37050
62,3/4/2015,42773.04697,12561.86354,73357.23857,39798
63,3/5/2015,41908.03753,11007.25981,72060.30704,40606
64,3/6/2015,40908.06311,7731.187055,71284.9398,39442
65,3/7/2015,30256.67966,-2654.253814,59735.40031,34623
66,3/8/2015,28941.22978,-2957.093991,59776.41335,33789
67,3/9/2015,39764.45186,8350.825528,71086.72086,38924
68,3/10/2015,43235.53283,12816.69525,77315.63219,39436
69,3/11/2015,43983.31087,14115.06685,73736.70858,39445
70,3/12/2015,42814.96823,13662.56074,72244.11423,41395
71,3/13/2015,41519.80016,10074.15009,74946.08791,38656
72,3/14/2015,30587.84392,-58.64333153,60901.96281,33790
73,3/15/2015,29012.58733,-721.1239166,59616.53033,35520
74,3/16/2015,39602.42229,11211.55193,70995.49491,37785
75,3/17/2015,42871.55518,10524.56384,74234.83446,37153
76,3/18/2015,43453.08428,12418.30542,75661.04401,39085
77,3/19/2015,42157.58735,10234.93575,73270.25326,40716
78,3/20/2015,40776.8079,11149.77418,72848.75895,40033
79,3/21/2015,29802.22627,-510.8011461,59861.90436,37715
80,3/22/2015,28227.73599,-898.8074258,58514.46793,37817
81,3/23/2015,38861.09166,9078.7208,69424.04,38427
82,3/24/2015,42214.84019,12358.5924,71179.76758,39317
83,3/25/2015,42919.44458,11852.42073,74509.18582,39544
84,3/26/2015,41781.94219,11689.34762,71458.58535,38715
85,3/27/2015,40589.7239,11535.62741,72185.7897,39261
86,3/28/2015,29829.21768,-1680.932496,60789.32231,35344
87,3/29/2015,28488.69402,-2704.190553,60620.51998,34736
88,3/30/2015,39369.85607,7333.562684,72244.22118,36498
89,3/31/2015,42978.92242,13609.03245,70840.74636,38185
90,4/1/2015,43939.90795,16328.19567,76718.80382,37954
91,4/2/2015,43053.44053,12342.71059,75757.20319,40490
92,4/3/2015,42100.69599,10766.70843,72308.44037,41210
93,4/4/2015,31562.23098,1439.42103,61882.06858,34380
94,4/5/2015,30420.92746,-2132.186268,60621.54062,30707
95,4/6/2015,41473.70833,10332.18966,71808.90374,36842
96,4/7/2015,45222.72907,14813.50284,74950.62127,38647
97,4/8/2015,46288.74842,17106.90541,77119.55913,41082
98,4/9/2015,45470.0137,15076.16896,77247.35093,41216
99,4/10/2015,44546.24205,13141.12335,75674.55014,41386
100,4/11/2015,33997.47601,3443.571787,66821.51973,59038
101,4/12/2015,32807.02737,2098.565129,67257.73924,38490
102,4/13/2015,43773.16879,12111.65057,76327.5634,39320
103,4/14/2015,47400.27943,18693.89879,79203.93814,40807
104,4/15/2015,48312.1488,16204.78942,81614.8148,38808
105,4/16/2015,47310.77673,18649.92483,78778.63672,39495
106,4/17/2015,46180.42258,16075.18796,80670.70344,38152
107,4/18/2015,35405.83746,3495.952146,66806.25627,34125
108,4/19/2015,33975.59163,2042.831001,64115.90195,34509
109,4/20/2015,44693.4649,13420.04444,75217.72222,37112
110,4/21/2015,48069.45697,17190.60462,78461.0598,37620
111,4/22/2015,48732.95643,19288.86515,80317.84181,39250
112,4/23/2015,47491.40915,16407.58579,78591.00199,38099
113,4/24/2015,46134.07328,16642.55999,76697.42661,37716
114,4/25/2015,35150.64508,4107.350816,64097.43868,33371
115,4/26/2015,33533.97531,1557.776242,64541.50536,34350
116,4/27/2015,44091.54136,12464.46175,75992.11715,37749
117,4/28/2015,47336.38659,13455.96651,78227.76756,38579
118,4/29/2015,47900.23622,17400.88827,78654.65314,40131
119,4/30/2015,46592.1316,16900.68504,78092.31088,40794
120,5/1/2015,45202.17038,11626.54283,75161.77279,39777
121,5/2/2015,34220.13669,2181.600693,67279.32316,36083
122,5/3/2015,32638.24039,1319.517924,63165.6006,35333
123,5/4/2015,43262.6295,9790.395634,74415.07576,37714
124,5/5/2015,46604.38573,16046.87176,80225.97792,41127
125,5/6/2015,47292.71048,18113.87961,76858.94213,40478
126,5/7/2015,46133.64104,15466.92591,78600.34816,40045
127,5/8/2015,44913.88186,16296.29046,74625.36614,39511
128,5/9/2015,34119.53237,4541.981083,64219.04225,34867
129,5/10/2015,32738.92769,2769.258672,62724.26584,34487
130,5/11/2015,43574.25353,11540.25569,76009.00642,39927
131,5/12/2015,47132.64235,15086.48338,77207.86525,43827
132,5/13/2015,48039.45564,14871.092,76698.56247,43880
133,5/14/2015,47097.0896,15652.59482,78330.26984,43694
134,5/15/2015,46088.88676,14528.83527,76024.73151,41128
135,5/16/2015,35497.93343,2933.072139,67731.82335,35025
136,5/17/2015,34309.95757,2375.088354,63492.96977,36319
137,5/18/2015,45324.98731,13004.88278,77265.25939,40212
138,5/19/2015,49048.47654,17025.2257,80373.72095,41461
139,5/20/2015,50104.60204,19465.85823,81149.88541,42734
140,5/21/2015,49295.06954,17281.54789,78798.93919,41641
141,5/22/2015,48431.911,17645.905,81304.39766,43657
142,5/23/2015,37969.55814,5736.086377,69236.32124,35286
143,5/24/2015,36894.39927,6032.024861,68646.95327,31603
144,5/25/2015,48007.49007,18750.85632,80154.17218,38621
145,5/26/2015,51815.62201,19957.38313,83494.13339,40280
146,5/27/2015,52944.55582,19813.62703,85021.5584,42674
147,5/28/2015,52197.7594,24897.18086,83575.97834,42470
148,5/29/2015,51360.23555,17214.87382,82191.57591,42244
149,5/30/2015,40917.22236,7930.516428,72443.24336,36328
150,5/31/2015,39856.98414,11321.79356,71906.33559,37281
151,6/1/2015,50982.35676,22579.15161,82565.66137,41955
152,6/2/2015,54801.75735,22480.51679,86703.27624,42105
153,6/3/2015,55942.36632,27024.31897,84219.45173,43533
154,6/4/2015,55208.82266,24554.75087,86334.31009,43148
155,6/5/2015,54387.01873,25143.48464,86226.62382,42685
156,6/6/2015,43962.77818,14700.5285,76864.37353,41417
157,6/7/2015,42924.63519,12133.96272,77032.31348,39165
158,6/8/2015,54075.37912,20621.2803,87839.91787,43534
159,6/9/2015,57923.07394,26852.5438,91652.81331,46817
160,6/10/2015,59094.26017,28342.75545,91096.62562,45580
161,6/11/2015,58392.679,28922.90407,90286.86612,48175
162,6/12/2015,57603.10399,26840.30728,88217.19292,51190
163,6/13/2015,47210.06243,15648.07015,79306.91379,43914
164,6/14/2015,46200.66316,15669.69063,76474.15152,46725
165,6/15/2015,57376.19311,27230.39361,89552.40412,53131
166,6/16/2015,61243.19042,29877.65272,89907.28001,54190
167,6/17/2015,62426.69984,31045.0995,94433.13155,53767
168,6/18/2015,61729.0488,31086.40385,91379.0608,52649
169,6/19/2015,60933.72747,29640.20672,92187.89898,50382
170,6/20/2015,50524.15373,19076.63398,80824.32918,43452
171,6/21/2015,49486.53845,16214.58714,80098.62214,44260
172,6/22/2015,60621.51213,28201.81255,90975.27553,52363
173,6/23/2015,64435.22014,32982.23648,96052.86347,54469
174,6/24/2015,65552.59151,36665.21893,96040.06695,58777
175,6/25/2015,64776.1193,33109.96112,94324.13866,57773
176,6/26/2015,63889.73609,31829.5295,94958.6648,55000
177,6/27/2015,53377.56552,20778.73486,83601.09001,46696
178,6/28/2015,52226.76582,17907.28332,83367.03145,49094
179,6/29/2015,63239.12744,33500.13759,92890.94468,55087
180,6/30/2015,66922.13255,36653.55942,95001.87057,60572
181,7/1/2015,67902.18296,35011.13288,97162.38848,61443
182,7/2/2015,66983.33563,34163.10446,96897.85605,61455
183,7/3/2015,65951.13067,36301.02352,95038.70836,59138
184,7/4/2015,55291.29445,24440.37463,85868.53284,47271
185,7/5/2015,53992.53529,23704.26897,83879.33032,51906
186,7/6/2015,64858.09504,33992.43065,94453.75667,62238
187,7/7/2015,68396.76615,37369.59366,100227.8791,65217
188,7/8/2015,69236.0818,38851.75622,101722.5413,64290
189,7/9/2015,68181.01948,37372.77624,97784.97614,64171
190,7/10/2015,67017.80402,36364.62447,97809.69028,63200
191,7/11/2015,56232.59326,26169.30957,87598.36625,52806
192,7/12/2015,54814.26442,25148.24199,86353.46731,56371
193,7/13/2015,65565.96483,33176.5162,93249.78886,63236
194,7/14/2015,68996.13652,35327.19155,99842.11177,63419
195,7/15/2015,69731.72205,41440.21786,103360.8487,67866
196,7/16/2015,68576.89155,40254.15371,99257.11293,66052
197,7/17/2015,67316.87609,37099.28313,96731.83644,62749
198,7/18/2015,56436.68989,26410.04683,87241.0988,52450
199,7/19/2015,54923.95809,26363.13804,83790.07959,55283
200,7/20/2015,65580.51272,35671.72172,96008.29789,62697
201,7/21/2015,68913.46479,38197.96222,101447.1682,66213
202,7/22/2015,69548.45873,39101.58092,100469.7813,67576
203,7/23/2015,68288.44733,36762.30037,98901.30997,67405
204,7/24/2015,66917.57136,32597.75635,96181.2521,65981
205,7/25/2015,55919.92452,24194.38396,87101.04745,54423
206,7/26/2015,54282.4194,22903.1611,86281.53026,56854
207,7/27/2015,64806.41597,34366.83292,93231.8299,67485
208,7/28/2015,67998.81939,36450.92242,98675.16771,68236
209,7/29/2015,68485.35267,37714.50734,98283.41912,67629
210,7/30/2015,67069.34172,38751.66613,97496.63711,67993
211,7/31/2015,65535.59656,35242.6665,97977.65198,66756
212,8/1/2015,54369.16932,22682.78068,86605.4838,52909
213,8/2/2015,52558.20479,21420.68833,84277.21383,56109
214,8/3/2015,62905.54527,33024.97337,93068.16272,68787
215,8/4/2015,65919.79738,33966.45568,96116.08051,70095
216,8/5/2015,66228.56679,36774.93369,99956.91965,68205
217,8/6/2015,64637.19977,33802.79003,94235.28855,69424
218,8/7/2015,62932.61613,30378.80576,94379.92305,69654
219,8/8/2015,51602.01561,19826.44559,80538.36461,59233
220,8/9/2015,49635.6749,18392.18652,79128.62551,58005
221,8/10/2015,59838.49829,27982.96515,89158.44142,69035
222,8/11/2015,62721.03122,30466.66173,92240.92897,70326
223,8/12/2015,62912.64387,32774.27424,95052.62682,69063
224,8/13/2015,61220.22535,31528.7534,92181.40311,69838
225,8/14/2015,59431.97407,29380.60963,89679.42943,68387
226,8/15/2015,48036.06766,17730.23487,80253.31041,56257
227,8/16/2015,46023.43046,15723.38591,76903.87305,59448
228,8/17/2015,56199.26257,21939.74053,91212.3673,67813
229,8/18/2015,59074.04012,27204.16717,88392.02699,70495
230,8/19/2015,59276.69458,27059.56526,89866.16205,68073
231,8/20/2015,57613.31153,24792.40088,88595.11509,55398
232,8/21/2015,55870.93469,21943.33395,87683.01245,53291
233,8/22/2015,44536.25814,14363.2577,76867.49641,44834
234,8/23/2015,42598.42439,11150.74059,72892.52225,46769
235,8/24/2015,52860.59146,21960.12618,83620.8298,54785
236,8/25/2015,55830.97791,23696.44464,88141.06758,57078
237,8/26/2015,56136.09251,24044.17078,87913.84843,54833
238,8/27/2015,54579.48788,22851.10325,85227.84014,54713
239,8/28/2015,52945.62252,22120.99711,81194.52123,52252
240,8/29/2015,41718.61295,10099.90153,70853.74753,43344
241,8/30/2015,39885.09211,8979.116412,72624.74298,43234
242,8/31/2015,50245.83591,21028.31946,80560.25299,52360
243,9/1/2015,53306.86538,23923.02101,84985.51982,54993
244,9/2/2015,53692.72978,21296.45994,86168.88111,56473
245,9/3/2015,52205.30889,21606.69019,82646.0805,57154
246,9/4/2015,50561.9328,21407.06089,81240.24986,56575
247,9/5/2015,39311.52421,8505.901528,69144.50342,46464
248,9/6/2015,37440.13007,7376.07432,71756.48944,45719
249,9/7/2015,47748.35217,16073.88568,77944.50687,52063
250,9/8/2015,50742.45959,18765.15322,81715.94668,56508
251,9/9/2015,51047.67279,19401.12902,82691.71336,67505
252,9/10/2015,49466.95742,14993.75833,77938.42815,55465
253,9/11/2015,47784.91123,17635.51817,78960.50597,53066
254,9/12/2015,36486.52515,5970.143411,70258.01984,45537
255,9/13/2015,34560.03417,2438.530388,64055.32753,47187
256,9/14/2015,44808.52003,13339.64061,76045.43682,54327
257,9/15/2015,47740.97346,18785.06563,77424.02152,57502
258,9/16/2015,47985.52201,16012.58782,80067.38147,56770
259,9/17/2015,46348.16263,19058.27853,78313.27496,54837
260,9/18/2015,44616.58345,14276.53852,78472.23282,53663
261,9/19/2015,33278.85714,2221.765232,63466.12959,50890
262,9/20/2015,31326.22289,-567.2211353,63858.9848,43433
263,9/21/2015,41564.62026,11508.90261,73515.60859,54543
264,9/22/2015,44505.68402,14277.38248,76892.74694,54984
265,9/23/2015,44779.90741,11822.8724,73997.58046,55659
266,9/24/2015,43195.31417,12148.59213,75980.77027,54216
267,9/25/2015,41541.22521,12349.19574,71833.98056,52404
268,9/26/2015,30306.9033,488.8738933,61517.4655,44205
269,9/27/2015,28484.29397,459.5367658,59872.57759,42913
270,9/28/2015,38879.52675,6718.592025,70676.21487,53494
271,9/29/2015,42003.88667,10902.35091,73635.05696,56048
272,9/30/2015,42486.96426,10974.43451,70814.65084,58126
273,10/1/2015,41135.32466,11928.42682,70070.25662,56463
274,10/2/2015,39736.28218,7177.129637,73047.32783,53626
275,10/3/2015,28776.56385,-1623.071018,59630.99887,46504
276,10/4/2015,27245.07997,-2581.51576,56472.71019,48680
277,10/5/2015,37944.46581,6096.581411,69543.95967,52585
278,10/6/2015,41382.10372,9639.681287,70016.98782,55368
279,10/7/2015,42183.33339,13038.40153,71354.83863,57661
280,10/8/2015,41150.19022,10400.7084,70760.86777,55263
281,10/9/2015,39937.26735,9279.64985,73408.54854,52272
282,10/10/2015,29154.43195,-2736.861895,58891.59132,43289
283,10/11/2015,27785.71649,-3756.121808,60981.96514,44122
284,10/12/2015,38628.9436,6988.167273,68696.47014,51027
285,10/13/2015,42186.84448,11616.43467,72608.26158,51934
286,10/14/2015,43080.36631,13154.96704,72984.17325,52792
287,10/15/2015,42107.50705,9663.818552,75084.27212,54262
288,10/16/2015,41047.26106,7018.829599,73279.09735,53527
289,10/17/2015,30378.45613,-2337.843557,61515.50977,46352
290,10/18/2015,29082.69709,-1091.873835,59075.15775,47001
291,10/19/2015,39956.07657,10981.57599,69627.98343,52269
292,10/20/2015,43500.35937,14250.08875,73652.39414,54823
293,10/21/2015,44336.34459,14070.50685,76158.23389,54091
294,10/22/2015,43262.74234,12469.25036,76552.64707,53799
295,10/23/2015,42060.14726,9720.822388,73012.903,50909
296,10/24/2015,31209.8881,1829.88374,63331.27763,44377
297,10/25/2015,29696.96784,-1342.886926,61740.15407,45377
298,10/26/2015,40321.754,10363.70352,72894.96053,49727
299,10/27/2015,43591.12541,10983.2664,74899.15071,51748
300,10/28/2015,44131.7793,14347.00835,75112.67327,51633
301,10/29/2015,42749.03585,13301.37454,74267.81782,51155
302,10/30/2015,41230.72294,10025.08899,69656.88329,50288
303,10/31/2015,30065.92133,-502.8918155,62300.05855,42941
304,11/1/2015,28247.78564,-2419.438719,58347.70817,41926
305,11/2/2015,38585.1028,7584.875545,69700.65645,49753
306,11/3/2015,41593.29572,9175.645378,72192.85614,53984
307,11/4/2015,41907.57836,12217.04462,71076.67834,56986
308,11/5/2015,40341.60184,10275.59826,70308.75296,55019
309,11/6/2015,38691.17686,8464.609367,68155.7252,51804
310,11/7/2015,27452.85568,-4868.585725,60091.2008,44539
311,11/8/2015,25626.59201,-4771.780896,55906.54324,44491
312,11/9/2015,36027.14361,4958.920773,69245.2056,49115
313,11/10/2015,39174.92844,8886.552996,71136.52782,50083
314,11/11/2015,39709.04394,9800.88143,70029.3096,50757
315,11/12/2015,38445.79184,9354.826585,70823.96138,50076
316,11/13/2015,37182.29689,6474.407956,67767.88262,48438
317,11/14/2015,26415.00539,-3895.98886,56491.60576,39172
318,11/15/2015,25142.28427,-6013.581991,57208.95382,40495
319,11/16/2015,36175.78759,4239.591858,67707.19525,44642
320,11/17/2015,40031.30304,9483.599667,73182.47698,47206
321,11/18/2015,41341.78911,9517.445035,71980.10893,48416
322,11/19/2015,40915.94609,11960.85197,72284.43467,48825
323,11/20/2015,40541.90957,7932.069879,71159.07085,49157
324,11/21/2015,30705.85177,-1852.374712,63177.44624,43433
325,11/22/2015,30394.71058,-2050.520053,62341.26556,41323
326,11/23/2015,42407.71178,10833.09118,75749.61029,46670
327,11/24/2015,47247.39461,17584.48913,76678.39364,49616
328,11/25/2015,49532.84909,19190.07045,81022.73759,51367
329,11/26/2015,50058.50488,18700.04419,82839.78257,47487
330,11/27/2015,50598.05678,19902.32097,83521.06529,46531
331,11/28/2015,41623.30821,9067.743858,73632.46152,42833
332,11/29/2015,42107.14844,11439.2368,72445.23403,43796
333,11/30/2015,54835.32391,23679.23413,86940.17925,49334
334,12/1/2015,60297.7098,27553.49555,90708.48229,51606
335,12/2/2015,63101.78474,32539.43433,93314.02694,49940
336,12/3/2015,64031.64425,33766.36908,97217.27143,50144
337,12/4/2015,64852.13295,35335.83399,95539.71753,49655
338,12/5/2015,56027.87277,24299.71643,86750.3899,43458
339,12/6/2015,56526.39859,24070.1516,87497.4264,43312
340,12/7/2015,69130.05837,39652.92926,98873.14472,50103
341,12/8/2015,74327.38036,46184.56963,105431.1228,51908
342,12/9/2015,76726.60814,47763.13867,106745.2698,55607
343,12/10/2015,77114.73706,45596.09342,107366.8544,50865
344,12/11/2015,77261.6309,47624.66463,107580.2641,50510
345,12/12/2015,67638.99578,38474.46145,98716.82527,45013
346,12/13/2015,67223.42302,35883.90822,99099.22639,43637
347,12/14/2015,78808.15916,46660.89589,107610.8151,51045
348,12/15/2015,82894.30795,53642.56767,114139.9405,51401
349,12/16/2015,84104.16751,50366.47816,113762.8891,51945
350,12/17/2015,83240.0397,55690.74263,114389.3509,53111
351,12/18/2015,82151.32249,51284.06886,113984.7023,53480
352,12/19/2015,71263.52859,38400.12761,102760.8359,49170
353,12/20/2015,69570.72351,38928.62406,101936.0418,47507
354,12/21/2015,79883.77066,47844.2266,109622.1308,53460
355,12/22/2015,82721.23195,51729.15445,112024.788,53337
356,12/23/2015,82722.40562,53659.64968,112178.0168,51027
357,12/24/2015,80705.84412,51767.4462,112526.6739,43862
358,12/25/2015,78472.94111,44712.6999,109789.2141,41331
359,12/26/2015,66526.37436,34239.89431,98870.33886,48585
360,12/27/2015,63872.62702,33651.07136,96138.55848,47142
361,12/28/2015,73333.25548,42265.21924,106025.1353,56466
362,12/29/2015,75435.61857,44494.13525,107818.5635,57708
363,12/30/2015,74825.78077,43624.49737,104536.724,56998
364,12/31/2015,72326.93501,41530.39583,102852.6563,42998
365,1/1/2016,69742.9359,37753.70513,102410.8246,39483
366,1/2/2016,57576.73141,25737.36367,88163.19807,48079
367,1/3/2016,54832.91517,24841.0149,86840.71476,48672
368,1/4/2016,64329.06724,33078.22136,94911.50505,57023
369,1/5/2016,66586.59597,37528.95165,96798.65647,58503
370,1/6/2016,66243.79141,35660.46699,95518.37597,58905
371,1/7/2016,64114.43224,34503.5383,93179.55038,60091
372,1/8/2016,61991.53316,32078.01334,91175.41999,56740
373,1/9/2016,50366.01581,17687.51695,83779.25031,52081
374,1/10/2016,48229.52036,17697.27699,80163.50511,52516
375,1/11/2016,58386.01978,28630.99771,89162.61334,60603
376,1/12/2016,61342.94353,33263.78297,93616.4032,59438
377,1/13/2016,61724.51504,31704.26014,91102.81632,60710
378,1/14/2016,60330.63872,28869.53742,90867.01931,60332
379,1/15/2016,58940.91757,24576.67396,88961.36997,58827
380,1/16/2016,48033.57874,17224.42492,80288.52,53153
381,1/17/2016,46588.51871,17366.74936,79735.77917,52486
382,1/18/2016,57399.12545,27439.84341,89456.5655,57129
383,1/19/2016,60963.5801,30521.16028,93331.1233,58014
384,1/20/2016,61898.33883,31450.19191,91321.94831,58418
385,1/21/2016,60997.12842,29919.84171,92483.46282,58245
386,1/22/2016,60149.36362,29261.71615,89688.5577,57017
387,1/23/2016,49716.11644,19050.80263,80931.69458,49781
388,1/24/2016,48676.14218,13622.22708,80698.90144,51797
389,1/25/2016,59823.32707,28797.84222,91676.70916,56553
390,1/26/2016,63657.90861,33615.05099,92972.56653,60788
391,1/27/2016,64799.84248,32748.43728,96793.04226,60741
392,1/28/2016,64047.65273,34124.94463,93200.33385,61751
393,1/29/2016,63182.34825,29169.99317,95625.5154,61620
394,1/30/2016,52686.18672,23926.09907,85420.39668,52792
395,1/31/2016,51545.50264,19652.70837,82217.38492,53995
396,2/1/2016,62562.26293,31542.89068,94320.0699,60206
397,2/2/2016,66245.06016,35628.03617,97038.03949,67226
398,2/3/2016,67222.2522,36770.76341,100005.3079,63567
399,2/4/2016,66300.59049,35350.87932,99799.04273,62804
400,2/5/2016,65268.92543,33462.3067,95087.43619,61687
401,2/6/2016,54616.77481,23419.1633,86622.19918,53505
402,2/7/2016,53336.97664,24817.74761,82045.91449,53808
403,2/8/2016,64237.09382,34510.0649,95101.14974,58730
404,2/9/2016,67830.28387,36507.72099,100192.608,61116
405,2/10/2016,68748.34521,39961.55363,101953.7382,71148
406,2/11/2016,67800.28401,35074.47394,98067.67035,71948
407,2/12/2016,66775.99093,37677.3669,100172.5907,69251
408,2/13/2016,56164.8139,27041.41302,87072.239,61864
409,2/14/2016,54958.24771,23663.42536,85927.8854,56566
410,2/15/2016,65961.40596,33392.35984,98229.65398,62732
411,2/16/2016,69683.98679,39677.34866,99173.70767,68815
412,2/17/2016,70753.4405,39581.65593,100994.664,69097
413,2/18/2016,69973.6798,38874.08313,102745.8207,69398
414,2/19/2016,69128.91773,38161.97338,100064.5214,70437
415,2/20/2016,58702.41502,26975.1337,91277.7046,59365
416,2/21/2016,57679.3527,26632.8367,88612.16203,58386
417,2/22/2016,68858.49091,38644.14571,100736.7886,65728
418,2/23/2016,72743.31993,41090.04669,104773.4839,71622
419,2/24/2016,73955.40697,43278.95018,103448.8215,72589
420,2/25/2016,73293.27474,41591.95129,104912.3893,73016
421,2/26/2016,72536.39274,45337.21278,103194.6348,69665
422,2/27/2016,62164.05753,35455.25759,92637.33224,61519
423,2/28/2016,61158.37806,30349.35289,95352.22422,60242
424,2/29/2016,72316.02048,41474.63822,103742.1588,67286
425,3/1/2016,76139.41848,46128.62027,107636.6579,72710
426,3/2/2016,77250.15098,45951.68805,105940.1813,74055
427,3/3/2016,76447.82243,45089.52832,107234.3138,72186
428,3/4/2016,75514.02686,44023.70588,104747.5943,71382
429,3/5/2016,64931.17449,33569.98516,95363.53579,65571
430,3/6/2016,63685.39502,33467.71303,92941.62349,64401
431,3/7/2016,74578.17824,43787.73878,106122.1467,70210
432,3/8/2016,78117.45883,47699.74051,109910.8107,70866
433,3/9/2016,78930.85124,50711.28695,109475.1106,73792
434,3/10/2016,77824.37365,47168.99947,109414.813,76280
435,3/11/2016,76586.24645,45895.91255,108399.1208,73096
436,3/12/2016,65705.54835,36171.33399,96253.98078,64480
437,3/13/2016,64174.94888,33400.0057,94491.10804,65000
438,3/14/2016,74802.18208,43796.76607,105082.3152,73892
439,3/15/2016,78100.97303,48018.43278,108354.1928,80564
440,3/16/2016,78704.12657,47731.41423,109202.9848,81191
441,3/17/2016,77422.12156,47419.75351,109996.9127,80304
442,3/18/2016,76046.79868,44310.77761,107161.312,78809
443,3/19/2016,65069.92817,33034.89133,94185.11418,69710
444,3/20/2016,63485.87795,35209.66784,93918.93811,67795
445,3/21/2016,74103.04869,44688.15152,104751.5094,73993
446,3/22/2016,77434.788,46319.09684,106833.9846,68354
447,3/23/2016,78112.49342,45614.25401,110157.4563,77209
448,3/24/2016,76944.24676,45501.08676,106689.4091,76294
449,3/25/2016,75718.56673,43664.63746,106433.4701,71210
450,3/26/2016,64923.06414,34312.52456,96561.05421,58842
451,3/27/2016,63547.21797,32819.75564,96560.79746,54243
452,3/28/2016,74393.93566,45901.81927,106846.8838,68049
453,3/29/2016,77970.60652,46924.75105,106571.1463,72767
454,3/30/2016,78902.35445,50137.62202,111836.2172,76137
455,3/31/2016,77990.82819,43717.12872,108156.6151,74372
456,4/1/2016,77018.11254,45823.07864,108096.3716,79274
457,4/2/2016,66465.54035,33769.34434,98506.73076,72357
458,4/3/2016,65316.61983,35292.40073,94993.56146,69009
459,4/4/2016,76368.73684,47253.16653,108451.5727,77380
460,4/5/2016,80124.33747,49523.84254,111464.1026,80747
461,4/6/2016,81204.29404,51727.63999,112040.187,80192
462,4/7/2016,80406.79009,48537.99945,108758.3282,80385
463,4/8/2016,79511.30577,48726.88074,111495.4313,85051
464,4/9/2016,68997.48168,40253.71787,97192.01035,110539
465,4/10/2016,67848.07496,37612.878,96324.66215,71188
466,4/11/2016,78860.66664,48620.54892,109616.4185,82242
467,4/12/2016,82538.82609,52884.0562,113854.8678,85772
468,4/13/2016,83505.43628,53203.78012,115574.6683,81635
469,4/14/2016,82561.5171,52834.25218,114147.5593,80422
470,4/15/2016,81490.12968,52343.75912,112476.1152,79107
471,4/16/2016,70775.1426,40147.26793,102996.6967,71438
472,4/17/2016,69404.07608,36552.84971,102942.1523,71399
473,4/18/2016,80179.68672,48836.15933,112159.1387,77648
474,4/19/2016,83611.00142,51785.82655,115762.5332,84130
475,4/20/2016,84326.50809,51831.93994,116199.5652,86040
476,4/21/2016,83132.84358,53626.93362,113809.3332,82737
477,4/22/2016,81818.56533,52859.03857,110360.8595,86191
478,4/23/2016,70872.79087,40752.05693,101616.1369,74560
479,4/24/2016,69287.92436,38400.74024,101410.9473,76409
480,4/25/2016,79871.1355,49963.73922,109743.656,92980
481,4/26/2016,83135.30186,51996.62051,113326.3603,103372
482,4/27/2016,83712.12419,54231.24433,112577.7607,121091
483,4/28/2016,82410.75667,53084.78768,111015.5894,95750
484,4/29/2016,81021.53965,49649.49637,112038.7564,85119
485,4/30/2016,70034.61949,40676.91289,101261.4919,74204
486,5/1/2016,68442.6747,36664.06695,98614.80065,72772
487,5/2/2016,79052.41315,50143.51709,109065.6908,84596
488,5/3/2016,82375.55049,52045.2984,111351.4755,89161
489,5/4/2016,83041.97779,52146.34446,110762.4815,84396
490,5/5/2016,81858.45873,49887.04112,112348.2341,79259
491,5/6/2016,80612.44142,49595.19727,112276.3185,76562
492,5/7/2016,69790.76738,38457.57319,100989.5908,65035
493,5/8/2016,68382.49387,37549.17616,99396.47678,64543
494,5/9/2016,79190.4919,44866.0042,108598.3104,76332
495,5/10/2016,82722.52716,50604.96053,113132.7359,79213
496,5/11/2016,83604.52898,50845.33466,116032.5156,80343
497,5/12/2016,82639.38507,49763.18522,113991.8815,77889
498,5/13/2016,81610.84484,52022.84825,111300.1943,78225
499,5/14/2016,71002.31108,42095.57254,103742.5005,69093
500,5/15/2016,69799.73491,38157.07881,98961.75296,69837
501,5/16/2016,80803.27405,47986.16667,113348.952,81780
502,5/17/2016,84518.42088,52031.06464,116228.7996,83631
503,5/18/2016,85569.30446,55644.95201,114586.3679,86527
504,5/19/2016,84757.50372,54737.99478,114754.2538,85638
505,5/20/2016,83865.95477,52934.58788,114384.8848,82923
506,5/21/2016,73377.73254,42150.64611,104698.7952,71511
507,5/22/2016,72278.92226,42627.37916,102153.0068,71117
508,5/23/2016,83370.24224,53066.10964,116937.355,80646
509,5/24/2016,87158.12566,58234.7327,116860.5361,85559
510,5/25/2016,88267.96741,56999.581,119755.1323,88533
511,5/26/2016,87502.87503,55858.90529,120341.4534,88446
512,5/27/2016,86647.50879,55764.72315,115390.8594,82984
513,5/28/2016,76186.79328,45538.74671,108438.0128,71612
514,5/29/2016,75108.71819,43469.2346,106794.6327,65632
515,5/30/2016,86215.89188,56162.99029,115837.8485,78629
516,5/31/2016,90016.55745,59183.16228,121738.2503,84597
517,6/1/2016,91137.7792,58938.56585,121877.7078,88558
518,6/2/2016,90384.14021,60271.98426,119280.0483,86973
519,6/3/2016,89541.53747,61526.38144,121709.9922,85403
520,6/4/2016,79095.85804,48654.70127,111277.3882,72297
521,6/5/2016,78035.75468,47115.49607,109295.891,73104
522,6/6/2016,89164.18504,58189.46186,120363.6659,84380
523,6/7/2016,92989.42429,63475.22359,122063.6137,87653
524,6/8/2016,94138.25876,63615.35133,124265.3227,99070
525,6/9/2016,93414.70095,62986.54222,125607.1522,98670
526,6/10/2016,92603.81134,61032.17535,124759.3957,103148
527,6/11/2016,82190.40962,49622.31741,114909.9906,87153
528,6/12/2016,81161.89219,50790.27596,112132.6866,86966
529,6/13/2016,92319.81886,62274.96549,123839.6951,98254
530,6/14/2016,96170.97663,63647.81928,127495.6263,101249
531,6/15/2016,97340.62678,63568.93944,126252.4696,99919
532,6/16/2016,96631.2736,64194.93691,127313.4749,103340
533,6/17/2016,95826.5386,63615.64777,129083.401,93507
534,6/18/2016,85409.92116,53442.71828,115138.6435,76691
535,6/19/2016,84367.66104,51913.49894,114017.4535,78179
536,6/20/2016,95500.36407,67810.82002,127012.8999,93234
537,6/21/2016,99314.09805,69148.72141,126905.0804,95809
538,6/22/2016,100433.664,70246.3657,129536.4884,94506
539,6/23/2016,99661.38038,70064.70535,130655.4749,92836
540,6/24/2016,98780.96416,67882.97958,128506.1538,91471
541,6/25/2016,88276.28885,56691.52719,117726.4785,78915
542,6/26/2016,87134.23581,57865.49483,117556.6481,79287
543,6/27/2016,98156.3003,66211.76682,132112.4551,94029
544,6/28/2016,101849.6601,71578.1298,134549.986,96112
545,6/29/2016,102840.4123,69739.14558,134126.0742,96928
546,6/30/2016,101932.3184,72307.94381,133279.6822,101984
547,7/1/2016,100910.6408,71342.09962,131133.8586,103092
548,7/2/2016,90260.85407,57345.36006,123164.1664,86215
549,7/3/2016,88971.44818,58562.23187,117937.1972,81980
550,7/4/2016,99845.48599,69605.4855,130056.0532,90984
551,7/5/2016,103391.6254,73588.52524,134426.1126,94166
552,7/6/2016,104237.313,75852.48979,135500.1019,100827
553,7/7/2016,103187.4896,71690.10882,134804.7623,98189
554,7/8/2016,102028.3932,70053.1479,132442.365,94140
555,7/9/2016,91246.24437,61136.78844,123778.5959,80887
556,7/10/2016,89830.02877,60195.0504,120320.3147,82539
557,7/11/2016,100583.0443,71684.96076,131257.2116,93120
558,7/12/2016,104013.9199,72916.72148,135751.1126,94514
559,7/13/2016,104749.8144,75832.94417,136324.8272,96636
560,7/14/2016,103595.1362,76284.23374,135821.0934,94549
561,7/15/2016,102335.3677,72841.20045,133596.7634,90383
562,7/16/2016,91455.77878,60123.83769,120748.5428,77963
563,7/17/2016,89944.24548,58723.32187,120806.7793,76100
564,7/18/2016,100602.8366,71652.4823,130536.0182,90273
565,7/19/2016,103938.8771,70997.93371,136919.476,92611
566,7/20/2016,104578.1943,73064.42586,134949.4863,90255
567,7/21/2016,103323.8855,73985.03934,135028.1547,92163
568,7/22/2016,101960.1913,71508.15645,131413.8467,90737
569,7/23/2016,90971.25545,58114.91555,122580.2081,77059
570,7/24/2016,89343.98706,56605.9881,119711.6969,74418
571,7/25/2016,99879.68715,67618.04497,131170.0743,90626
572,7/26/2016,103085.1458,71955.48796,134729.9781,93153
573,7/27/2016,103585.916,73767.42344,133516.603,96817
574,7/28/2016,102185.1012,71562.38372,134193.7866,96068
575,7/29/2016,100667.241,70434.35852,131054.7649,95746
576,7/30/2016,89517.07457,57681.36523,117200.5289,82245
577,7/31/2016,87722.39844,57703.85608,117396.0288,81238
578,8/1/2016,98085.67921,68253.57042,128800.4062,98280
579,8/2/2016,101115.1294,70730.00389,132873.085,102789
580,8/3/2016,101437.952,69904.1769,133356.1727,103846
581,8/4/2016,99859.09164,70117.87597,129977.752,102373
582,8/5/2016,98165.07826,66202.80915,128287.2527,99425
583,8/6/2016,86842.74321,57716.62066,116883.8901,83213
584,8/7/2016,84882.02609,53540.91585,115561.5968,81768
585,8/8/2016,95087.53443,65153.75933,124602.0674,100617
586,8/9/2016,97969.56534,65664.27711,126947.3904,102499
587,8/10/2016,98157.29615,64507.92582,130408.293,99927
588,8/11/2016,96457.48437,63173.63043,126032.4497,101318
589,8/12/2016,94658.2623,62434.95699,125023.1668,101116
590,8/13/2016,83247.80967,52194.43916,112511.3574,86812
591,8/14/2016,81217.12217,48753.72633,113515.3917,80036
592,8/15/2016,91371.53992,58791.15117,122558.866,90348
593,8/16/2016,94221.74532,60828.80402,124587.3699,101067
594,8/17/2016,94396.93849,63523.08655,123691.3231,94869
595,8/18/2016,92703.53048,63158.94837,124263.1473,92129
596,8/19/2016,90928.94031,59526.87959,121437.8624,102452
597,8/20/2016,79560.19539,48940.65056,110805.8056,86492
598,8/21/2016,77586.97123,46797.46773,109048.6128,82028
599,8/22/2016,87812.89734,56755.9866,117236.6692,98178
600,8/23/2016,90746.6752,61461.58807,119285.8755,101375
601,8/24/2016,91015.2967,58080.88665,122194.363,98071
602,8/25/2016,89422.78647,59559.6414,119626.5446,98683
603,8/26/2016,87754.05282,55690.10429,119034.985,95332
604,8/27/2016,76493.6291,45420.4337,108597.6617,79877
605,8/28/2016,74628.52198,46522.71691,107015.2748,74722
606,8/29/2016,84959.82882,52165.35534,116802.8482,90198
607,8/30/2016,87993.83164,56503.19096,117546.3272,94279
608,8/31/2016,88355.27346,58772.49685,120343.9876,95031
609,9/1/2016,86846.15514,56199.64649,117070.9388,96800
610,9/2/2016,85249.63623,55842.64135,116628.2337,94484
611,9/3/2016,74048.82058,44942.28272,102914.2297,79315
612,9/4/2016,72229.64205,38963.69382,101785.5184,76392
613,9/5/2016,82592.51168,54700.09035,114765.7163,88499
614,9/6/2016,85643.43307,54200.93457,117094.7958,93294
615,9/7/2016,86007.29132,54067.47069,117315.052,95050
616,9/8/2016,84486.65311,53031.77918,114636.0025,94900
617,9/9/2016,82865.6615,52508.66812,116600.5735,94061
618,9/10/2016,71628.80607,40145.63138,104937.6238,80129
619,9/11/2016,69763.78418,38902.48146,100549.9735,77850
620,9/12/2016,80073.1149,52215.18398,111940.119,90601
621,9/13/2016,83065.21328,51923.65991,112083.9611,93852
622,9/14/2016,83367.63066,52712.71235,114003.4444,91297
623,9/15/2016,81785.80004,49683.04777,111151.511,92000
624,9/16/2016,80106.87071,49176.86461,113228.3865,90044
625,9/17/2016,68818.41411,36969.54898,102833.9275,77334
626,9/18/2016,66911.21794,33666.79215,99325.28788,77200
627,9/19/2016,77190.83134,46756.28025,106987.762,90379
628,9/20/2016,80168.57017,47270.04073,110221.6856,91464
629,9/21/2016,80474.68946,50838.89693,112150.4869,90772
630,9/22/2016,78917.06332,47605.69936,108188.3551,89242
631,9/23/2016,77284.95795,47025.53434,107950.3598,85247
632,9/24/2016,65848.00038,32273.78092,97448.11022,72469
633,9/25/2016,63817.96379,31531.50287,96489.55524,72908
634,9/26/2016,74001.22801,43555.83716,101743.2354,87753
635,9/27/2016,76909.43049,45215.3099,109808.4041,90067
636,9/28/2016,77172.61311,44816.62113,106720.8629,91744
637,9/29/2016,75597.88621,45406.54947,107255.1427,91823
638,9/30/2016,73973.19603,44456.82324,108316.081,90308
639,10/1/2016,62785.97922,27507.34045,94550.64585,77915
640,10/2/2016,61025.92258,29346.32285,91597.19321,76297
641,10/3/2016,71496.49222,42939.53605,101145.2962,90287
642,10/4/2016,74705.94174,44404.56224,104232.148,92457
643,10/5/2016,75280.50715,46055.42427,105304.9734,90795
644,10/6/2016,74023.12884,43543.21329,104809.2356,94392
645,10/7/2016,72717.28609,42622.71719,100328.4321,89704
646,10/8/2016,61845.7268,31319.27804,93629.36089,76388
647,10/9/2016,60393.30962,31186.76242,90599.45551,76057
648,10/10/2016,71158.62125,42331.09453,100358.4216,87212
649,10/11/2016,74645.07743,43783.43887,105308.9518,88612
650,10/12/2016,75474.21352,43300.52961,106123.4641,86493
651,10/13/2016,74444.50366,44572.19585,107297.7392,87714
652,10/14/2016,73335.292,44227.00655,104383.9616,84637
653,10/15/2016,62625.61718,28055.51384,95455.04142,74197
654,10/16/2016,61297.14532,30293.64064,93303.73427,74104
655,10/17/2016,72145.87253,40216.30739,101240.0435,88884
656,10/18/2016,75673.30354,44228.5091,105011.1447,91153
657,10/19/2016,76499.81084,44841.75703,106763.167,91600
658,10/20/2016,75423.51143,46491.97069,106395.747,87535
659,10/21/2016,74224.24338,44616.18519,104498.0757,84695
660,10/22/2016,63382.42178,35264.71277,96470.32075,73123
661,10/23/2016,61881.98822,31857.2573,93741.5346,72713
662,10/24/2016,72522.11393,41250.33962,104696.1293,82955
663,10/25/2016,75808.36218,42627.988,107615.2808,84944
664,10/26/2016,76366.01418,50115.31368,106577.8837,84870
665,10/27/2016,74998.89515,46411.99615,105706.5705,84619
666,10/28/2016,73493.28292,44644.78053,104449.4649,85543
667,10/29/2016,62336.16204,29848.44309,96264.42324,71131
668,10/30/2016,60519.62423,29177.65336,91344.24311,68369
669,10/31/2016,70850.90433,39655.71046,101932.9891,80431
670,11/1/2016,73843.9311,42241.67209,103846.735,85969
671,11/2/2016,74132.51262,43536.12648,104976.6833,87797
672,11/3/2016,72529.01229,43011.80775,101697.836,88000
673,11/4/2016,70828.10047,42627.45658,102482.4054,85269
674,11/5/2016,59525.36406,28247.1527,89295.14849,74698
675,11/6/2016,57619.99216,26481.77136,91374.89898,73644
676,11/7/2016,67926.20167,35178.50551,99820.66037,83028
677,11/8/2016,70964.11345,40059.4721,101999.2677,84482
678,11/9/2016,71372.78781,41880.0081,104497.8659,83819
679,11/10/2016,69968.76154,37048.10093,102457.368,84958
680,11/11/2016,68549.67426,39113.46592,98617.69766,83862
681,11/12/2016,57612.76973,26049.3303,90943.03353,72263
682,11/13/2016,56157.4927,24488.62381,88652.55363,72525
683,11/14/2016,66996.84789,36014.96092,98596.9185,82851
684,11/15/2016,70648.23365,39791.17802,101740.8721,85708
685,11/16/2016,71746.46108,42877.11748,102327.1353,85592
686,11/17/2016,71102.30195,42211.57059,103772.0801,84401
687,11/18/2016,70506.15419,37806.33365,99253.50489,84678
688,11/19/2016,60446.61078,32095.1708,91013.23339,74769
689,11/20/2016,59913.15245,28918.32396,91392.64817,71492
690,11/21/2016,71707.63002,43221.52104,102580.2472,82368
691,11/22/2016,76335.24745,49491.49111,106561.985,86617
692,11/23/2016,78417.75443,47371.20613,108650.9204,86413
693,11/24/2016,78752.1895,47636.76665,110797.6258,79692
694,11/25/2016,79114.75921,50241.47675,107132.2581,75616
695,11/26/2016,69979.63589,39005.25685,100070.8589,68517
696,11/27/2016,70321.89044,41344.24613,100866.4095,70053
697,11/28/2016,82929.22155,53469.33564,113376.55,81272
698,11/29/2016,88293.18827,59169.58258,120809.1059,82034
699,11/30/2016,91022.64976,58185.50896,120367.1793,82138
700,12/1/2016,91902.74834,61686.55867,122234.9437,84564
701,12/2/2016,92699.01696,60729.02031,123952.6967,82626
702,12/3/2016,83876.38856,50793.56028,113752.5128,77076
703,12/4/2016,84402.31939,52742.15605,114119.7317,72007
704,12/5/2016,97058.68372,62759.05141,127961.6784,84604
705,12/6/2016,102333.1428,70058.85072,134257.972,83995
706,12/7/2016,104832.6889,75047.61585,133496.9759,82760
707,12/8/2016,105342.6977,73305.88945,135292.6379,81682
708,12/9/2016,105631.0683,73774.77959,137103.2525,79523
709,12/10/2016,96167.2263,66643.75073,127388.6868,70701
710,12/11/2016,95925.20327,65021.91832,129916.0809,70764
711,12/12/2016,107695.4476,78305.46113,139123.5674,87712
712,12/13/2016,111976.0727,80173.4181,145128.3118,88004
713,12/14/2016,113386.2445,80506.37982,143100.7585,86254
714,12/15/2016,112725.0436,81572.21105,144357.0036,86516
715,12/16/2016,111775.3854,82042.01663,142227.3633,84601
716,12/17/2016,101022.7769,71738.61717,131350.8303,77506
717,12/18/2016,99458.12834,67994.31959,129107.6241,83722
718,12/19/2016,109889.28,77344.54645,139298.4798,87963
719,12/20/2016,112831.9546,80740.55723,143938.9571,87110
720,12/21/2016,112922.8442,84001.31589,145039.3944,88227
721,12/22/2016,110978.1718,80266.63113,143286.9466,87794
722,12/23/2016,108797.3172,77215.23799,139776.1347,84752
723,12/24/2016,96881.29302,63152.95371,126366.0005,64646
724,12/25/2016,94235.29113,60856.39613,124508.5841,59360
725,12/26/2016,103679.9698,72357.16731,133394.8704,78610
726,12/27/2016,105742.1935,71715.56304,135989.3307,89325
727,12/28/2016,105067.9392,73403.38402,137186.2634,92357
728,12/29/2016,102480.7143,71002.66139,134493.5585,92505
729,12/30/2016,99785.07731,69419.5892,128652.4792,89649
730,12/31/2016,87485.04924,55445.48385,118599.1169,68288
731,1/2/2017,93909.14918,64699.74362,123391.312,77766
732,1/3/2017,95975.98138,65243.89565,126287.4432,84918
733,1/4/2017,95427.64269,66870.32224,127139.3701,100721
734,1/5/2017,93080.30612,61049.54514,126899.2515,91040
735,1/6/2017,90729.50687,62499.10441,121078.3331,84999
736,1/7/2017,78868.7609,48514.57032,110083.7915,79589
737,1/8/2017,76581.40116,45729.61845,108028.9451,79996
738,1/9/2017,86584.90656,56306.93754,117135.0901,86312
739,1/10/2017,89389.20798,56496.05827,120556.1486,85023
740,1/11/2017,89620.90022,59579.09972,122632.2843,84688
741,1/12/2017,88082.08506,55742.8067,121713.5338,83964
742,1/13/2017,86554.34953,55964.16125,117350.4475,82117
743,1/14/2017,75517.65767,43896.34885,106001.7902,73252
744,1/15/2017,73953.36819,44009.39202,103829.9767,75073
745,1/16/2017,84656.03567,53149.21878,115338.9178,82049
746,1/17/2017,88124.69842,56993.91178,119809.0253,82385
747,1/18/2017,88976.35383,54147.53145,122522.3825,82320
748,1/19/2017,88004.95456,53652.24832,119621.7761,85324
749,1/20/2017,86985.50449,56924.60096,115895.733,76384
750,1/21/2017,76393.03056,45931.89454,108870.419,71222
751,1/22/2017,75205.64189,43314.54667,107573.2224,73789
752,1/23/2017,86216.3335,54334.5471,117494.9542,81902
753,1/24/2017,89924.23836,57380.58136,120319.3425,83019
754,1/25/2017,90948.0302,62080.00347,123329.7651,84641
755,1/26/2017,90084.81289,58386.36947,120580.3888,80846
756,1/27/2017,89114.07828,56499.6056,118455.7277,77230
757,1/28/2017,78516.51261,45408.63151,109523.877,73385
758,1/29/2017,77276.86724,47027.84786,109355.8642,72030
759,1/30/2017,88195.55607,57826.86431,117558.3443,86247
760,1/31/2017,91779.68854,60901.99519,124596.4321,97578
761,2/1/2017,92656.24628,62707.92703,124562.1485,90085
762,2/2/2017,91630.74466,60637.12035,122907.5486,87397
763,2/3/2017,90490.96694,58967.97273,120338.1141,85888
764,2/4/2017,79725.55633,49051.24249,110692.1049,77957
765,2/5/2017,78326.68696,47990.84935,111844.1906,81411
766,2/6/2017,89101.48054,58137.20854,120799.196,85109
767,2/7/2017,92562.88209,63326.26155,123337.5278,92123
768,2/8/2017,93342.70589,61378.37083,122054.823,97466
769,2/9/2017,92250.19602,63095.22375,122805.001,94062
770,2/10/2017,91075.69086,60683.59003,122025.6079,89570
771,2/11/2017,80309.17839,49255.79689,111230.9996,83190
772,2/12/2017,79039.37474,48829.41549,111067.9086,81602
773,2/13/2017,89975.93507,58321.93012,119702.071,94625
774,2/14/2017,93629.62369,64062.10461,126182.5027,90216
775,2/15/2017,94629.03758,64614.46603,126158.7087,96625
776,2/16/2017,93779.28222,63091.65379,122287.9902,94533
777,2/17/2017,92865.77441,60845.60629,122237.5222,93503
778,2/18/2017,82372.9546,50229.74824,114842.2321,83556
779,2/19/2017,81287.12568,49588.20912,111839.93,80582
780,2/20/2017,92408.07978,61388.4447,123440.7801,94615
781,2/21/2017,96240.22014,67019.4136,127505.9639,97427
782,2/22/2017,97405.88235,66772.93061,130245.2754,100101
783,2/23/2017,96704.19137,65997.67938,127571.0076,94995
784,2/24/2017,95915.03566,64813.67635,128622.6465,92872
785,2/25/2017,85517.93691,56916.90224,117353.7568,81101
786,2/26/2017,84495.02779,53345.26492,114697.1814,81028
787,2/27/2017,95642.79627,61504.62819,125697.8508,92940
788,2/28/2017,99463.30044,67841.67986,129816.7451,93209
789,3/1/2017,100577.556,72271.58438,130128.5108,108878
790,3/2/2017,99784.43108,66427.5046,130408.4895,102365
791,3/3/2017,98864.62994,67569.71207,129212.1089,99244
792,3/4/2017,88299.54239,57779.68729,119061.2257,91342
793,3/5/2017,87074.17388,55124.25414,116384.6066,90372
794,3/6/2017,97988.81521,68083.26663,130160.4169,101776
795,3/7/2017,101550.1584,69275.32355,132514.7041,107176
796,3/8/2017,102384.5635,72249.86149,134969.6384,107326
797,3/9/2017,101296.8149,70095.68064,131381.0398,104364
798,3/10/2017,100073.9512,67370.07055,132409.4018,101211
799,3/11/2017,89203.9512,58868.51451,119371.9837,91423
800,3/12/2017,87678.49447,54949.02181,117332.994,93004
801,3/13/2017,98304.45964,67095.09508,129773.6653,104885
802,3/14/2017,101594.8721,71124.11367,133203.9777,105225
803,3/15/2017,102182.0101,71437.07869,133577.8524,105760
804,3/16/2017,100876.0112,70147.09007,131737.4778,109596
805,3/17/2017,99468.56829,69804.26075,131699.867,105999
806,3/18/2017,88451.49978,56166.86437,116023.8074,92569
807,3/19/2017,86909.63474,54358.23687,119307.2869,90569
808,3/20/2017,97561.58434,69508.89835,126946.6369,101073
809,3/21/2017,100921.3008,71529.7703,134556.9776,98442
810,3/22/2017,101620.9454,70918.17119,131965.8054,99178
811,3/23/2017,100469.5033,68386.48873,133034.8045,96099
812,3/24/2017,99256.51253,69775.0171,129163.3694,96992
813,3/25/2017,88470.69347,57976.82942,118858.7425,83435
814,3/26/2017,87102.69695,56118.87987,115730.2071,82772
815,3/27/2017,97956.63524,66327.29106,130252.035,95384
816,3/28/2017,101541.1058,74860.13643,134254.6852,96656
817,3/29/2017,102482.4143,71803.76058,134890.6969,97724
818,3/30/2017,101583.3365,69970.53427,131323.7693,99832
819,3/31/2017,100627.0026,71740.21153,130199.937,98203
820,4/1/2017,90095.68419,59167.75712,121619.0704,87891
821,4/2/2017,88973.70081,57543.52087,121300.9703,90634
822,4/3/2017,100059.1034,66860.43091,131475.467,102879
823,4/4/2017,103854.843,73503.85306,138246.0669,110553
824,4/5/2017,104982.126,73399.51416,135173.2379,111221
825,4/6/2017,104239.2942,72661.00463,135156.8251,111691
826,4/7/2017,103405.8079,73187.12193,134300.5968,108037
827,4/8/2017,92961.1136,60872.48668,124680.6088,104334
828,4/9/2017,91887.60658,58933.26058,121605.4297,91757
829,4/10/2017,102982.3501,71977.08822,132467.8,105528
830,4/11/2017,106748.2545,74201.08889,136691.3159,109234
831,4/12/2017,107807.4206,77163.97615,135828.5639,111100
832,4/13/2017,106959.9838,76100.45929,138337.5787,106621
833,4/14/2017,105988.0414,74859.06883,135937.1341,97735
834,4/15/2017,95374.44297,61110.29423,125077.5554,82604
835,4/16/2017,94105.66027,60595.22425,124049.4718,78320
836,4/17/2017,104983.3969,75921.78395,137372.1409,98566
837,4/18/2017,108515.6477,79852.57769,138199.6244,109769
838,4/19/2017,109329.9129,80957.96406,139076.7637,112659
839,4/20/2017,108231.9089,78603.24603,137933.7261,108291
840,4/21/2017,107009.3594,75152.12641,139000.0283,106081
841,4/22/2017,96150.65267,66409.93472,126036.7364,92389
842,4/23/2017,94795.90248,65472.92651,124946.194,93196
843,4/24/2017,105603.4783,75112.2243,135011.0178,105417
844,4/25/2017,109085.9149,76118.3997,140084.905,107388
845,4/26/2017,109874.7115,77396.30903,140565.5471,106267
846,4/27/2017,108778.9629,76871.10646,137562.1862,103367
847,4/28/2017,107589.0885,77288.81357,138007.3135,106646
848,4/29/2017,96795.44575,64060.53696,129012.0691,94724
849,4/30/2017,95391.04658,64835.10922,125572.0579,88322
850,5/1/2017,106183.0423,78735.0657,136533.6058,105166
851,5/2/2017,109683.6871,81495.77063,141376.4146,111341
852,5/3/2017,110523.4892,79632.24346,144246.1732,115939
853,5/4/2017,109509.8898,81349.47549,141410.1863,121518
854,5/5/2017,108431.056,75374.96029,137737.1119,115612
855,5/6/2017,97774.57042,69137.34193,129127.9896,96664
856,5/7/2017,96530.23458,66111.74635,126558.264,100586
857,5/8/2017,107501.6483,76983.07478,138742.6405,115504
858,5/9/2017,111197.2732,81573.56329,140545.0341,119940
859,5/10/2017,112243.6863,80475.50612,143050.0646,118845
860,5/11/2017,111444.3606,79467.76971,142954.0007,115204
861,5/12/2017,110583.5569,79031.27483,142398.0195,109156
862,5/13/2017,100145.1067,68306.05338,131425.4939,94402
863,5/14/2017,99115.30067,67037.0957,130969.5814,92886
864,5/15/2017,110294.5431,80720.53674,142803.5679,113005
865,5/16/2017,114188.4792,81103.36912,145844.3639,117885
866,5/17/2017,115421.2989,82753.67564,145966.9806,117898
867,5/18/2017,114794.5544,87938.91654,143364.3484,115894
868,5/19/2017,114091.0741,80512.32152,142863.5396,118623
869,5/20/2017,103793.7526,73362.93162,134547.7515,101655
870,5/21/2017,102888.433,73307.40649,136289.5791,108166
871,5/22/2017,114175.541,83215.64388,143977.8044,123770
872,5/23/2017,118161.18,88113.87166,148643.1733,141918
873,5/24/2017,119470.3904,88646.88371,149056.0176,141965
874,5/25/2017,118905.9146,87302.67051,148876.9624,150347
875,5/26/2017,118252.0498,85693.68182,149284.9685,141645
876,5/27/2017,107993.3728,78624.36329,140196.4221,114237
877,5/28/2017,107331.0175,75701.8199,138419.4271,109448
878,5/29/2017,118853.8409,88112.92341,151134.7915,126801
879,5/30/2017,123069.8463,93808.27951,154898.8385,135925
880,5/31/2017,124605.91,92664.66648,155911.4999,132532
881,6/1/2017,124266.4842,95785.53622,157878.8512,141888
882,6/2/2017,123837.3948,92649.80231,155634.269,132214
883,6/3/2017,113804.5184,82830.64001,143682.2033,117116
884,6/4/2017,113156.5569,82359.74378,144065.4496,115012
885,6/5/2017,124696.573,93929.86903,155529.7216,137436
886,6/6/2017,128932.9985,96894.97394,158876.3292,146441
887,6/7/2017,130492.8208,99632.60122,159882.4088,140992
888,6/8/2017,130180.2904,98975.22486,161149.2859,136973
889,6/9/2017,129780.7336,98130.92794,161725.4496,134828
890,6/10/2017,119779.2541,90203.09598,148411.1413,122819
891,6/11/2017,119163.5403,88958.69976,150322.2679,128419
892,6/12/2017,130735.4417,99352.83482,160252.3937,146643
893,6/13/2017,135002.0227,104801.9231,167337.7207,156650
894,6/14/2017,136588.8004,107738.1985,167363.9607,146949
895,6/15/2017,136298.5043,106751.9882,166817.7187,139231
896,6/16/2017,135914.9434,104258.9297,166971.4181,133368
897,6/17/2017,125921.7603,94603.0633,157088.6329,113367
898,6/18/2017,125305.2889,93983.34948,159621.8896,116249
899,6/19/2017,136866.1773,107682.171,167751.2812,140189
900,6/20/2017,141110.482,110352.2643,169759.237,159540
901,6/21/2017,142662.9395,111523.3286,173038.723,154787
902,6/22/2017,142325.7527,107294.7664,173983.1813,136220
903,6/23/2017,141882.475,110809.3715,171634.3136,164923
904,6/24/2017,131816.774,101244.2327,162211.964,138184
905,6/25/2017,131115.2889,101177.0982,163373.0194,138742
906,6/26/2017,142579.244,111178.9749,173967.6327,167251
907,6/27/2017,146715.5256,115367.6913,177551.9387,174918
908,6/28/2017,148149.9279,116749.7832,178220.8575,176368
909,6/29/2017,147685.907,115790.2465,177931.0275,165788
910,6/30/2017,147108.4265,118084.6289,177447.7794,161088
911,7/1/2017,136902.6781,105047.7844,168055.7051,138221
912,7/2/2017,136056.8928,103802.5003,169420.4568,143080
913,7/3/2017,147373.906,120602.9106,177363.8668,160809
914,7/4/2017,151362.1865,119824.9936,184596.1304,160861
915,7/5/2017,152649.0346,120566.5128,181016.199,162196
916,7/6/2017,152039.2923,122925.3735,183622.665,166546
917,7/7/2017,151319.1485,121033.9902,184629.0418,160943
918,7/8/2017,140974.8244,108261.0359,173509.4231,138542
919,7/9/2017,139995.3563,109825.145,173865.1784,142630
920,7/10/2017,151184.1394,117849.8056,181466.9096,167922
921,7/11/2017,155049.9431,124283.5124,185352.3091,177448
922,7/12/2017,156220.1048,124765.0979,186664.2054,171652
923,7/13/2017,155499.2424,123974.8756,188604.744,167188
924,7/14/2017,154673.0718,127236.1449,182757.4392,161746
925,7/15/2017,144227.1119,115328.6749,176734.0904,137312
926,7/16/2017,143149.4942,112249.987,174408.7466,144018
927,7/17/2017,154242.5403,121806.5685,184779.2361,166281
928,7/18/2017,158013.8164,129151.7827,189148.7384,173407
929,7/19/2017,159089.3703,126875.8383,189426.4546,169613
930,7/20/2017,158272.4906,127280.2009,190259.7066,190144
931,7/21/2017,157347.5728,127407.6907,188845.1078,180133
932,7/22/2017,146798.872,115744.8334,177143.647,153970
933,7/23/2017,145613.3602,113694.3953,176134.8898,164414
934,7/24/2017,156592.3486,123873.8521,187422.6189,183830
935,7/25/2017,160242.5825,128813.1059,191460.5091,192799
936,7/26/2017,161189.5135,129737.2949,191099.6551,191010
937,7/27/2017,160236.0888,131104.0726,190840.4205,183403
938,7/28/2017,159166.6382,129896.3472,189719.0527,154659
939,7/29/2017,148465.642,121121.5559,178643.3406,130379
940,7/30/2017,147120.5939,114206.8184,177433.6616,132220
941,7/31/2017,157933.6202,129737.0796,188450.2967,156588
942,8/1/2017,161412.5638,127521.1833,190699.0179,161145
943,8/2/2017,162184.2374,129752.0757,193781.0915,156475
944,8/3/2017,161053.184,128084.8138,191075.0669,150053
945,8/4/2017,159805.5308,127957.8416,190701.6364,143828
946,8/5/2017,148927.7154,118842.2934,179889.6557,122476
947,8/6/2017,147409.3026,116024.7507,178867.2098,122343
948,8/7/2017,158054.5543,127348.4718,189781.5025,148205
949,8/8/2017,161373.4598,129461.8478,191608.6702,165728
950,8/9/2017,161994.9354,131762.102,192487.278,165723
951,8/10/2017,160725.5313,130709.6939,192892.6161,162061
952,8/11/2017,159353.2324,128392.3956,190082.4509,158837
953,8/12/2017,148366.1356,117913.394,178208.9742,138768
954,8/13/2017,146755.2214,111554.4018,175521.4699,138437
955,8/14/2017,157325.8841,127360.0744,186513.0889,160947
956,8/15/2017,160588.9291,130292.3197,190654.06,156924
957,8/16/2017,161173.7465,132900.4038,192440.3779,157983
958,8/17/2017,159887.0008,131562.8946,190985.1623,162931
959,8/18/2017,158516.4229,128766.2331,187503.1772,147921
960,8/19/2017,147549.4875,118392.2212,178426.4675,126709
961,8/20/2017,145976.1939,115064.7476,176881.7521,124882
962,8/21/2017,156600.6136,126198.7528,189984.6195,143479
963,8/22/2017,159931.9152,128932.3087,188197.5426,147774
964,8/23/2017,160597.5716,132998.9909,190335.1286,148460
965,8/24/2017,159402.0916,126687.866,190976.1625,145558
966,8/25/2017,158130.8593,128401.055,189929.6322,144004
967,8/26/2017,147268.8645,115243.1002,178612.3619,126757
968,8/27/2017,145803.5399,116253.1662,177938.5384,121523
969,8/28/2017,156536.3682,124491.2566,188615.2056,139284
970,8/29/2017,159973.9669,130239.9545,190746.2746,152024
971,8/30/2017,160741.3556,129836.5155,192619.1075,153324
972,8/31/2017,159640.7465,130022.8242,191195.486,162316
973,9/1/2017,158455.4387,127525.8991,191637.6224,162635
974,9/2/2017,147668.6001,115471.3911,178479.9259,133324
975,9/3/2017,146266.1503,115603.9516,175593.3799,126942
976,9/4/2017,157048.407,124136.9471,189315.9479,152034
977,9/5/2017,160521.2022,128145.6108,192522.8066,156061
978,9/6/2017,161309.1738,128409.8716,192465.4726,157987
979,9/7/2017,160214.5701,130316.468,191139.7972,154780
980,9/8/2017,159021.1505,128065.6179,189872.4738,147362
981,9/9/2017,148212.9628,115643.5828,179723.1237,121399
982,9/10/2017,146777.2139,114664.4441,178570.0151,120806
983,9/11/2017,157515.8933,126952.8681,188130.1617,141520
984,9/12/2017,160936.8585,130491.7409,191019.1191,148153
985,9/13/2017,161667.0872,129050.3662,194861.8342,146540
986,9/14/2017,160511.4353,129612.3816,191909.7025,147430
987,9/15/2017,159256.4836,128463.0134,191165.7894,150129
988,9/16/2017,148389.2575,115411.673,178910.357,117553
989,9/17/2017,146900.0327,115198.3802,178132.1949,115507
990,9/18/2017,157593.8935,127410.6943,187846.4773,139396
991,9/19/2017,160981.749,131394.8436,192980.9287,142969
992,9/20/2017,161693.5164,129029.7799,194388.3487,138375
993,9/21/2017,160536.8108,130260.5405,190952.0455,133134
994,9/22/2017,159300.7258,127134.9513,188911.8283,126581
995,9/23/2017,148474.4902,117973.8171,178915.5253,108758
996,9/24/2017,147050.2162,119249.5857,178209.7022,109967
997,9/25/2017,157834.4049,125655.7312,184974.5941,132942
998,9/26/2017,161338.9183,131906.6578,192236.1051,144944
999,9/27/2017,162194.1255,131433.1925,193251.5833,150654
1000,9/28/2017,161207.5637,130797.916,192444.5372,143145
1001,9/29/2017,160167.7016,131826.7094,192228.8177,130401
1002,9/30/2017,149562.5868,117373.5824,179572.2501,116092
1003,10/1/2017,148382.5973,117535.378,178994.482,117411
1004,10/2/2017,159431.96,128001.792,191850.8164,135709
1005,10/3/2017,163219.7471,133515.2572,194505.7662,134506
1006,10/4/2017,164373.0571,134011.2122,195718.3389,127613
1007,10/5/2017,163695.722,131358.0744,194299.9288,129764
1008,10/6/2017,162972.1254,133111.9228,192912.1435,124718
1009,10/7/2017,152685.9156,120750.9622,185250.0277,107998
1010,10/8/2017,151822.8298,119631.4849,183460.1384,109669
1011,10/9/2017,163182.2935,132590.9785,198077.7409,131717
1012,10/10/2017,167268.5037,136258.7773,196459.5825,134959
1013,10/11/2017,168703.7019,136197.4393,199245.5916,131916
1014,10/12/2017,168286.976,136095.4524,197726.9866,142625
1015,10/13/2017,167798.1757,138169.9863,197991.5522,167763
1016,10/14/2017,157716.7223,127368.4632,191536.6765,134031
1017,10/15/2017,157024.5285,127338.2653,189648.2445,131711
1018,10/16/2017,168517.6901,137352.1561,199241.8561,162497
1019,10/17/2017,172697.6553,142342.65,203622.8479,169047
1020,10/18/2017,174184.5779,140956.6199,206582.2699,162556
1021,10/19/2017,173776.1899,143627.1319,206581.5311,153323
1022,10/20/2017,173251.7778,142926.7173,204558.4427,148097
1023,10/21/2017,163091.0405,129910.4975,193445.1384,129546
1024,10/22/2017,162277.0445,130772.3934,191078.3689,130832
1025,10/23/2017,173607.9355,143160.1519,205278.4264,152945
1026,10/24/2017,177588.1127,146251.135,208147.9852,159999
1027,10/25/2017,178841.5701,150218.9558,208327.5482,150782
1028,10/26/2017,178170.7401,149390.6618,209606.4617,146440
1029,10/27/2017,177360.423,146020.9951,207577.7449,137031
1030,10/28/2017,166896.5819,135000.9776,198793.2936,115823
1031,10/29/2017,165769.2172,132755.455,195382.9155,119915
1032,10/30/2017,176783.9811,146138.5341,209120.928,142698
1033,10/31/2017,180453.2405,149665.1737,212487.5728,149837
1034,11/1/2017,181409.292,152704.2438,212036.1431,163127
1035,11/2/2017,180463.0682,149069.6049,211938.0296,185208
1036,11/3/2017,179407.9195,148074.3375,208911.7307,175175
1037,11/4/2017,168738.2529,138435.1884,197097.4672,139175
1038,11/5/2017,167452.2458,137354.3566,197547.1937,144001
1039,11/6/2017,178363.2983,145535.5441,209485.2525,161624
1040,11/7/2017,181990.9322,150457.0134,211704.3001,159143
1041,11/8/2017,182973.8482,154332.3598,215397.9037,165357
1042,11/9/2017,182128.4797,149813.2581,213827.7253,158390
1043,11/10/2017,181252.6323,149349.0072,213249.3883,161091
1044,11/11/2017,170843.9943,139465.8804,199773.3596,136433
1045,11/12/2017,169902.7373,138748.6413,201919.6988,144682
1046,11/13/2017,181242.8743,149859.5104,212425.8608,161440
1047,11/14/2017,185383.0869,154539.2578,217577.4385,159684
1048,11/15/2017,186959.7335,154844.4895,217999.8141,161379
1049,11/16/2017,186785.38,156661.2752,216913.836,162682
1050,11/17/2017,186652.4434,157507.0484,217893.4944,186136
1051,11/18/2017,177051.7343,142133.9963,208585.2089,145351
1052,11/19/2017,176975.1177,144821.8078,207613.523,141784
1053,11/20/2017,189226.9605,158346.3794,219548.0484,176923
1054,11/21/2017,194315.075,165333.9289,228326.7672,175796
1055,11/22/2017,196863.8698,165283.7554,226155.6698,168461
1056,11/23/2017,197673.0486,167054.9452,227830.6109,152514
1057,11/24/2017,198521.4439,167190.2142,229905.2819,145018
1058,11/25/2017,189885.7684,157279.0171,219297.3668,146119
1059,11/26/2017,190743.5019,160916.5353,221992.1341,173592
1060,11/27/2017,203884.5754,171839.012,235344.3633,226271
1061,11/28/2017,209802.5616,176262.2149,240987.3592,248686
1062,11/29/2017,213108.0738,183242.5821,245170.0537,289214
1063,11/30/2017,214587.714,182788.8371,244820.318,280642
1064,12/1/2017,216008.1477,186585.6582,246974.1913,224243
1065,12/2/2017,207835.0879,177061.4381,238242.5599,199503
1066,12/3/2017,209036.3976,177486.2701,239734.9092,201177
1067,12/4/2017,222393.9707,193026.411,251784.5286,215433
1068,12/5/2017,228395.0935,196649.9874,261082.7125,247736
1069,12/6/2017,231645.9892,201052.4813,261667.3022,286012
1070,12/7/2017,232930.8768,202919.6856,265115.8845,277219
1071,12/8/2017,234016.1261,204471.0707,265006.02,325799
1072,12/9/2017,225369.2817,192627.308,257557.9625,345950
1073,12/10/2017,225962.1705,193608.3077,255637.7306,280368
1074,12/11/2017,238582.7472,208386.6652,269900.3266,258794
1075,12/12/2017,243726.3826,213747.6939,274269.0221,261926
1076,12/13/2017,246009.2957,215600.8704,278510.1631,235527
1077,12/14/2017,246227.4656,216050.9168,277918.7654,263150
1078,12/15/2017,246160.6035,215217.8432,276845.0835,324503
1079,12/16/2017,236290.9646,207982.3834,268977.6237,338611
1080,12/17/2017,235606.2153,204035.9515,265848.9413,298280
1081,12/18/2017,246911.0159,218194.9613,280199.1829,284894
1082,12/19/2017,250718.0279,220310.5125,281136.2336,283942
1083,12/20/2017,251661.0535,219898.7488,283208.3589,275739
1084,12/21/2017,250553.6469,217372.8125,281592.9555,301424
1085,12/22/2017,249192.7856,218289.148,280138.8466,314109
1086,12/23/2017,238077.3859,207051.3574,267387.3418,311151
1087,12/24/2017,236210.8847,206519.9753,269342.3448,304778
1088,12/25/2017,246412.5536,215480.0319,275745.6649,294826
1089,12/26/2017,249208.2592,218697.5571,280112.2311,288009
1090,12/27/2017,249243.3826,216027.512,281834.3861,284874
1091,12/28/2017,247341.2422,215472.5284,281311.7949,282750
1092,12/29/2017,245306.6114,216146.2917,275471.0014,331343
1093,12/30/2017,233644.1192,201754.7732,264623.9593,306447
1094,12/31/2017,231360.7574,201322.598,260694.8557,256670
1095,1/1/2018,241277.1617,209843.7046,270098.4916,
1096,1/2/2018,243918.3828,213943.1672,275397.0364,
1097,1/3/2018,243926.8571,213913.1514,273132.3628,
1098,1/4/2018,242120.9231,211781.5464,272913.4032,
1099,1/5/2018,240298.4707,210061.411,270137.266,
1100,1/6/2018,228955.5096,199426.4734,260287.1728,
1101,1/7/2018,227088.8761,196173.4335,257570.0907,
1102,1/8/2018,237507.7416,208311.4625,270337.8496,
1103,1/9/2018,240724.6332,208781.095,270694.2477,
1104,1/10/2018,241368.6724,209919.5181,273637.6956,
1105,1/11/2018,240244.369,209599.8841,269828.7838,
1106,1/12/2018,239135.5549,207126.9919,269282.2032,
1107,1/13/2018,228524.2349,196313.8027,260045.2374,
1108,1/14/2018,227393.5692,195090.4122,259096.3572,
1109,1/15/2018,238539.6454,205765.5503,268425.1044,
1110,1/16/2018,242462.7441,212921.4103,275014.2106,
1111,1/17/2018,243780.798,214363.4039,274943.3956,
1112,1/18/2018,243288.3802,214866.6966,277116.8588,
1113,1/19/2018,242760.7988,211952.6892,271253.1034,
1114,1/20/2018,232673.075,202833.8031,262560.9561,
1115,1/21/2018,232003.015,200948.599,261791.4187,
1116,1/22/2018,243543.0333,213443.035,275498.8356,
1117,1/23/2018,247791.43,215882.9395,279207.4108,
1118,1/24/2018,249365.8246,214845.77,278108.2399,
1119,1/25/2018,249062.0797,218959.4277,282516.3124,
1120,1/26/2018,248658.2977,218966.4633,279770.1539,
1121,1/27/2018,238633.6682,207632.4237,267008.2751,
1122,1/28/2018,237971.3805,209292.3742,266820.9765,
1123,1/29/2018,249470.2645,219001.8336,280249.2954,
1124,1/30/2018,253635.8651,225071.2763,283067.4518,
1125,1/31/2018,255093.6599,223898.526,286081.1179,
1126,2/1/2018,254647.7579,222459.031,284611.1603,
1127,2/2/2018,254084.6684,224051.5921,286697.5909,
1128,2/3/2018,243891.9229,215456.0876,274796.8797,
1129,2/4/2018,243060.7707,211589.43,272106.9213,
1130,2/5/2018,254397.6158,225137.107,287138.7498,
1131,2/6/2018,258414.9054,228259.3719,291748.2215,
1132,2/7/2018,259744.1839,228998.2267,292040.1189,
1133,2/8/2018,259194.6546,226304.062,291180.8746,
1134,2/9/2018,258556.8392,223719.4129,288093.361,
1135,2/10/2018,248321.1223,218587.7348,280267.5595,
1136,2/11/2018,247480.4025,217587.518,278663.9865,
1137,2/12/2018,258841.5161,227446.5416,290028.5792,
1138,2/13/2018,262916.1475,229931.7708,292533.8644,
1139,2/14/2018,264333.9344,231291.7975,295684.904,
1140,2/15/2018,263901.1122,233462.1216,293976.3114,
1141,2/16/2018,263404.282,231800.2565,293329.5119,
1142,2/17/2018,253329.0887,223648.8065,284472.1566,
1143,2/18/2018,252663.0242,224196.6777,284322.3943,
1144,2/19/2018,264207.0199,234793.5023,294381.2686,
1145,2/20/2018,268466.5364,235833.7756,299839.0121,
1146,2/21/2018,270064.8546,237684.5323,300983.2196,
1147,2/22/2018,269801.9062,239660.672,298465.3132,
1148,2/23/2018,269458.2252,238085.3292,299308.377,
1149,2/24/2018,259513.7995,227534.0163,291652.7127,
1150,2/25/2018,258951.0362,228958.6224,289127.8217,
1151,2/26/2018,270566.4974,241017.3697,301699.1302,
1152,2/27/2018,274862.1133,244678.0209,307435.6459,
1153,2/28/2018,276458.5727,245157.8391,307818.5615,
1154,3/1/2018,276154.2261,245249.7047,308293.5532,
1155,3/2/2018,275729.0833,245089.8627,308820.7851,
1156,3/3/2018,265663.6805,233448.1922,300788.0682,
1157,3/4/2018,264942.033,232738.0141,294644.2463,
1158,3/5/2018,276363.3308,246049.2188,308529.4482,
1159,3/6/2018,280433.0826,249845.7724,312703.8684,
1160,3/7/2018,281776.4139,250957.1641,312321.6064,
1161,3/8/2018,281196.8546,248060.5386,310451.7887,
1162,3/9/2018,280480.2011,246735.5006,312790.5652,
1163,3/10/2018,270113.2347,238203.4146,301622.3465,
1164,3/11/2018,269086.512,239195.8237,299799.6516,
1165,3/12/2018,280205.8916,249886.2596,312893.0225,
1166,3/13/2018,283983.5077,252067.8237,315501.0489,
1167,3/14/2018,285050.8983,251463.8711,319579.4074,
1168,3/15/2018,284217.6295,253893.6514,317558.7714,
1169,3/16/2018,283275.0058,251850.0469,315128.5104,
1170,3/17/2018,272714.6489,241680.7426,304906.69,
1171,3/18/2018,271531.1683,240785.2687,303281.9655,
1172,3/19/2018,282533.5882,249757.1465,319663.8934,
1173,3/20/2018,286236.2444,253058.4013,319745.5428,
1174,3/21/2018,287271.8603,255649.4497,322143.4941,
1175,3/22/2018,286450.1467,254706.6393,319049.6769,
1176,3/23/2018,285561.5121,253649.4283,320425.838,
1177,3/24/2018,275095.6695,243087.6611,307956.8289,
1178,3/25/2018,274044.3594,239339.0637,304152.5946,
1179,3/26/2018,285212.853,254421.9934,317174.9726,
1180,3/27/2018,289110.9472,254054.5046,319016.1264,
1181,3/28/2018,290366.1577,256148.2005,324253.8502,
1182,3/29/2018,289782.4514,257787.7306,321434.7243,
1183,3/30/2018,289144.1017,256323.5631,321738.2422,
1184,3/31/2018,278934.4485,246040.817,309545.0208,
1185,4/1/2018,278138.7789,244843.6449,309266.5646,
1186,4/2/2018,289555.9889,252720.8741,321951.1673,
1187,4/3/2018,293689.7326,260505.854,325869.9109,
1188,4/4/2018,295161.7625,263035.3653,328554.8202,
1189,4/5/2018,294770.7978,261449.4499,329229.5992,
1190,4/6/2018,294296.5016,262333.1198,325021.3241,
1191,4/7/2018,284218.3447,252758.4521,317827.0234,
1192,4/8/2018,283518.5715,250438.159,314368.5587,
1193,4/9/2018,294993.9243,258562.0128,328770.9755,
1194,4/10/2018,299146.8335,264725.7992,330798.8076,
1195,4/11/2018,300598.7745,269109.6057,332244.7988,
1196,4/12/2018,300149.1295,267990.0311,332039.1198,
1197,4/13/2018,299579.1349,265825.0125,335106.1989,
1198,4/14/2018,289370.694,257119.439,322644.1759,
1199,4/15/2018,288509.2711,255660.8869,319505.6184,
1200,4/16/2018,299795.5261,267235.3386,331985.3035,
1201,4/17/2018,303736.3998,271355.643,336805.9017,
1202,4/18/2018,304958.3527,270121.9098,340469.3004,
1203,4/19/2018,304266.1003,268665.6118,336011.3874,
1204,4/20/2018,303446.427,268445.2125,335979.3251,
1205,4/21/2018,292986.864,259269.7165,325885.3591,
1206,4/22/2018,291878.4485,257948.1885,324796.4363,
1207,4/23/2018,302927.2286,266308.4883,340612.425,
1208,4/24/2018,306645.2251,274125.4713,339757.5783,
1209,4/25/2018,307663.5598,272385.2304,340153.3078,
1210,4/26/2018,306791.0905,273530.3088,340408.817,
1211,4/27/2018,305818.1416,269652.0483,341724.9091,
1212,4/28/2018,295235.1155,260781.9181,330954.59,
1213,4/29/2018,294035.2031,257964.4208,328678.8247,
1214,4/30/2018,305025.8597,270599.3856,340487.6942,
1215,5/1/2018,308719.7566,273007.6766,341585.2854,
1216,5/2/2018,309747.9184,275446.3429,345878.5313,
1217,5/3/2018,308918.3853,273758.7645,341774.5379,
1218,5/4/2018,308019.9886,273703.3606,340686.743,
1219,5/5/2018,297541.0214,261955.8672,333833.3339,
1220,5/6/2018,296472.0226,262691.4914,332707.5033,
1221,5/7/2018,307617.3373,273788.8137,340996.1129,
1222,5/8/2018,311486.1614,276410.0993,348484.9571,
1223,5/9/2018,312705.7777,279804.3378,348142.3578,
1224,5/10/2018,312080.3201,277002.9725,347646.8849,
1225,5/11/2018,311394.6517,277893.6236,344841.6859,
1226,5/12/2018,301133.1348,267901.7158,335493.3741,
1227,5/13/2018,300282.51,265641.9464,336849.6766,
1228,5/14/2018,311643.5439,275155.7719,348894.8395,
1229,5/15/2018,315722.1519,278464.3368,349448.7343,
1230,5/16/2018,317142.6999,283022.5602,354848.2464,
1231,5/17/2018,316706.8239,280958.1376,352508.7358,
1232,5/18/2018,316197.3467,279019.9934,350234.1471,
1233,5/19/2018,306097.0748,267328.2875,340043.7396,
1234,5/20/2018,305391.6882,270348.2546,338823.1752,
1235,5/21/2018,316881.385,278850.8814,352843.425,
1236,5/22/2018,321071.9872,280441.1933,357964.4558,
1237,5/23/2018,322588.2136,284196.4938,360631.4236,
1238,5/24/2018,322232.457,287361.4718,360270.1438,
1239,5/25/2018,321788.651,284296.966,360257.8228,
1240,5/26/2018,311741.0075,273379.4117,348660.2591,
1241,5/27/2018,311076.8414,275027.4251,347335.8971,
1242,5/28/2018,322598.1466,283553.4767,359918.7316,
1243,5/29/2018,326812.631,290006.7709,362792.2136,
1244,5/30/2018,328346.9191,291149.2663,366426.0847,
1245,5/31/2018,328005.2617,290653.776,364220.4453,
1246,6/1/2018,327573.339,290007.5519,364690.8882,
1247,6/2/2018,317536.9417,279047.5793,355910.1963,
1248,6/3/2018,316884.7459,279790.3171,354885.9528,
1249,6/4/2018,328419.8488,288716.7107,368101.4405,
1250,6/5/2018,332650.7737,290771.8514,372081.8848,
1251,6/6/2018,334204.6522,293729.0727,372574.4436,
1252,6/7/2018,333885.9256,294851.5995,373197.9244,
1253,6/8/2018,333480.1497,292020.2105,368185.6195,
1254,6/9/2018,323472.688,284466.713,360885.9313,
1255,6/10/2018,322851.5092,281789.8065,359298.9522,
1256,6/11/2018,334418.7539,294103.7279,372414.9269,
1257,6/12/2018,338681.7776,297188.9353,378025.3147,
1258,6/13/2018,340266.3788,300353.9178,380912.7349,
1259,6/14/2018,339975.5492,301188.8602,378914.7195,
1260,6/15/2018,339593.3313,301127.2977,378705.8666,
1261,6/16/2018,329603.5651,290680.5724,370421.595,
1262,6/17/2018,328992.7395,288445.2247,369661.6824,
1263,6/18/2018,340561.6094,300357.6487,382760.0355,
1264,6/19/2018,344816.2867,302722.0024,385173.7214,
1265,6/20/2018,346381.51,309299.0483,387428.166,
1266,6/21/2018,346059.4308,306716.4066,382076.42,
1267,6/22/2018,345633.4995,304347.5502,385257.0421,
1268,6/23/2018,335587.2317,290469.2739,373619.4019,
1269,6/24/2018,334907.0708,289423.0313,378680.895,
1270,6/25/2018,346394.0073,304409.6181,388373.4029,
1271,6/26/2018,350554.6629,307786.5081,391579.1842,
1272,6/27/2018,352014.5448,308280.4113,388545.9259,
1273,6/28/2018,351576.808,312761.163,391084.6845,
1274,6/29/2018,351026.1105,310277.9456,391115.6892,
1275,6/30/2018,340847.3429,297191.7603,381252.4031,
1276,7/1/2018,340028.4484,297211.9247,382259.826,
1277,7/2/2018,351371.9967,306036.1798,391602.2115,
1278,7/3/2018,355386.2206,310038.3622,395176.0435,
1279,7/4/2018,356698.2212,313039.147,395814.9324,
1280,7/5/2018,356112.6831,312402.2824,396553.0821,
1281,7/6/2018,355415.6842,312848.898,396086.898,
1282,7/7/2018,345093.3841,298091.6571,386657.2877,
1283,7/8/2018,344134.8073,297594.053,385229.8367,
1284,7/9/2018,355343.3872,310524.8182,397346.8307,
1285,7/10/2018,359227.9793,316870.4605,398996.827,
1286,7/11/2018,360416.0511,315224.3014,401598.9803,
1287,7/12/2018,359712.3899,314330.2913,402428.2103,
1288,7/13/2018,358902.9143,309587.2373,400387.2228,
1289,7/14/2018,348473.3714,302051.4532,390007.4305,
1290,7/15/2018,347412.1384,301001.5876,390475.6634,
1291,7/16/2018,358521.7919,315478.4518,402390.2253,
1292,7/17/2018,362310.1523,317956.1472,404729.5823,
1293,7/18/2018,363403.5124,314809.2887,406208.8179,
1294,7/19/2018,362605.3873,310817.3437,408116.3916,
1295,7/20/2018,361700.3718,315169.2268,406420.519,
1296,7/21/2018,351172.8856,301630.4263,393144.1169,
1297,7/22/2018,350010.0237,304456.2165,396928.2332,
1298,7/23/2018,361013.1727,315092.0176,408058.3516,
1299,7/24/2018,364689.1014,320484.1219,407413.4899,
1300,7/25/2018,365663.2305,319472.9179,410017.374,
1301,7/26/2018,364738.4202,320174.6935,415649.0889,
1302,7/27/2018,363698.8574,311389.3393,409399.3333,
1303,7/28/2018,353028.8258,304840.6915,395797.3712,
1304,7/29/2018,351715.5719,304557.7726,393160.9376,
1305,7/30/2018,362560.9297,316205.4996,409839.5195,
1306,7/31/2018,366072.4105,318195.5362,409595.6791,
1307,8/1/2018,366876.4638,317816.009,413940.3933,
1308,8/2/2018,365777.2468,316073.7264,413831.0039,
1309,8/3/2018,364560.4868,318070.723,411649.06,
1310,8/4/2018,353712.2181,302903.0057,399506.2512,
1311,8/5/2018,352221.6086,300847.0384,396836.4073,
1312,8/6/2018,362892.5395,310410.2785,411307.3174,
1313,8/7/2018,366234.6465,317135.683,416021.6343,
1314,8/8/2018,366876.5278,315210.1119,413950.4481,
1315,8/9/2018,365624.4599,315725.1931,415183.2534,
1316,8/10/2018,364266.2066,314099.5815,413197.5073,
1317,8/11/2018,353289.7017,301568.08,401362.6832,
1318,8/12/2018,351685.8267,300088.8786,401481.0286,
1319,8/13/2018,362259.9435,312779.1242,411157.307,
1320,8/14/2018,365522.894,311332.4051,413507.3195,
1321,8/15/2018,366104.1744,314400.8967,412785.0743,
1322,8/16/2018,364810.6228,316246.0145,411212.6827,
1323,8/17/2018,363430.208,307433.5813,416774.555,
1324,8/18/2018,352450.7027,301942.4297,403154.5037,
1325,8/19/2018,350862.4572,300538.8756,402703.6345,
1326,8/20/2018,361469.9407,310707.009,411514.5471,
1327,8/21/2018,364782.7559,314256.7004,414937.6074,
1328,8/22/2018,365428.8375,315286.4653,414923.1521,
1329,8/23/2018,364213.1728,310683.0111,414726.7657,
1330,8/24/2018,362921.6305,310665.0642,411278.1673,
1331,8/25/2018,352039.6793,298069.3199,401769.1246,
1332,8/26/2018,350555.2141,294018.9038,399221.5741,
1333,8/27/2018,361270.1523,302212.9781,411211.1153,
1334,8/28/2018,364691.5079,315431.788,413996.98,
1335,8/29/2018,365444.6492,313724.767,416549.038,
1336,8/30/2018,364332.0805,312083.6244,414529.8702,
1337,8/31/2018,363137.3291,305520.5535,417681.2528,
1338,9/1/2018,352343.7208,293828.2855,402490.2007,
1339,9/2/2018,350937.2586,296486.392,400857.437,
1340,9/3/2018,361718.2654,305921.8492,410678.4966,
1341,9/4/2018,365192.4999,309838.0006,422038.9653,
1342,9/5/2018,365984.4476,308011.8863,421135.4995,
1343,9/6/2018,364896.1283,307089.0921,416795.4511,
1344,9/7/2018,363711.0001,311727.2255,416040.3343,
1345,9/8/2018,352912.743,292283.7666,405960.1547,
1346,9/9/2018,351488.1359,295121.7467,414377.9115,
1347,9/10/2018,362238.689,307188.4418,415047.7619,
1348,9/11/2018,365671.739,304844.2353,416873.3847,
1349,9/12/2018,366413.7121,310665.4629,425541.8821,
1350,9/13/2018,365268.8932,311749.1427,419492.7552,
1351,9/14/2018,364023.286,311003.7734,420946.0561,
1352,9/15/2018,353163.3438,295621.6684,406792.0495,
1353,9/16/2018,351678.7895,293923.2181,405706.9348,
1354,9/17/2018,362374.1858,301962.3766,419389.5746,
1355,9/18/2018,365759.964,306324.4616,425876.454,
1356,9/19/2018,366465.619,309064.2174,425926.9527,
1357,9/20/2018,365298.4098,307334.299,427480.023,
1358,9/21/2018,364047.1507,307757.6385,422565.4234,
1359,9/22/2018,353200.8754,293687.1928,413700.8238,
1360,9/23/2018,351751.5933,288380.373,407096.0873,
1361,9/24/2018,362505.8002,305012.2319,420907.3063,
1362,9/25/2018,365975.4538,304313.547,425830.5053,
1363,9/26/2018,366791.1218,302606.0632,424070.506,
1364,9/27/2018,365760.6432,299853.0511,427889.6329,
1365,9/28/2018,364672.8889,304388.6571,425398.2116,
1366,9/29/2018,354016.4056,287578.0765,415263.0061,
1367,9/30/2018,352782.161,292739.9459,411178.4048,
1368,10/1/2018,363775.0539,307283.7791,420451.7416,
1369,10/2/2018,367504.9011,307801.4822,427916.3134,
1370,10/3/2018,368599.6064,305092.414,428985.1616,
1371,10/4/2018,367863.8546,304169.9658,431099.1493,
1372,10/5/2018,367082.9151,302265.1568,426450.4454,
1373,10/6/2018,356741.3391,293116.7405,415284.3932,
1374,10/7/2018,355825.7665,292682.4808,420527.9013,
1375,10/8/2018,367136.5087,302289.7087,429467.5255,
1376,10/9/2018,371178.6133,305546.4585,435869.5652,
1377,10/10/2018,372575.1188,311970.7106,433997.3936,
1378,10/11/2018,372125.8397,305959.5278,432158.894,
1379,10/12/2018,371611.2642,305651.2831,436561.2341,
1380,10/13/2018,361511.3475,293003.4681,425782.8022,
1381,10/14/2018,360808.4172,297078.9105,422874.8837,
1382,10/15/2018,372298.8506,301036.5327,434256.7715,
1383,10/16/2018,376484.2334,311364.1037,438027.5935,
1384,10/17/2018,377984.7025,315167.2113,444158.3949,
1385,10/18/2018,377597.8122,307455.4412,438257.5826,
1386,10/19/2018,377102.5059,312203.3988,442313.8539,
1387,10/20/2018,366977.9725,301004.457,429046.2721,
1388,10/21/2018,366206.6028,303837.9239,430327.4682,
1389,10/22/2018,377585.7066,315439.4973,437139.806,
1390,10/23/2018,381618.6943,313613.6885,450041.6103,
1391,10/24/2018,382928.4291,314623.9738,445452.269,
1392,10/25/2018,382316.0853,317157.9561,446149.1042,
1393,10/26/2018,381565.095,310219.4794,448463.7566,
1394,10/27/2018,371159.963,303997.1914,435499.1023,
1395,10/28/2018,370089.1639,304076.914,438853.6926,
1396,10/29/2018,381156.7821,311461.3119,449791.8983,
1397,10/30/2018,384873.6013,316024.7762,452978.5575,
1398,10/31/2018,385870.3484,315884.5933,457442.9201,
1399,11/1/2018,384956.429,312876.5883,452820.2242,
1400,11/2/2018,383923.7398,315502.7612,449259.2147,
1401,11/3/2018,373265.3372,306232.0636,443929.3262,
1402,11/4/2018,371978.1812,304411.8892,439270.4383,
1403,11/5/2018,382874.6153,309136.6053,449853.8876,
1404,11/6/2018,386473.2937,314701.5233,451889.9867,
1405,11/7/2018,387412.2614,317128.0871,453807.7196,
1406,11/8/2018,386507.5306,318588.7305,457235.5834,
1407,11/9/2018,385556.738,315247.6751,454855.5098,
1408,11/10/2018,375057.6697,306988.3942,446736.0503,
1409,11/11/2018,374010.8715,302784.004,443725.0385,
1410,11/12/2018,385231.0125,313766.8278,458048.9964,
1411,11/13/2018,389237.7127,317138.2802,463307.1907,
1412,11/14/2018,390668.546,312419.5589,459770.8847,
1413,11/15/2018,390337.5606,316349.1788,458075.1834,
1414,11/16/2018,390038.9081,316737.8609,457605.4302,
1415,11/17/2018,380265.3641,306268.0017,453557.6029,
1416,11/18/2018,380010.9644,307117.9277,454187.5347,
1417,11/19/2018,392082.4217,316764.1986,464496.8356,
1418,11/20/2018,396990.0349,322838.8208,474805.9459,
1419,11/21/2018,399360.8018,321492.069,469527.1039,
1420,11/22/2018,399997.0763,326339.632,475539.349,
1421,11/23/2018,400680.3588,325598.185,471354.7131,
1422,11/24/2018,391890.0022,317185.8818,467317.6028,
1423,11/25/2018,392606.0521,318711.3429,467851.6112,
1424,11/26/2018,405620.8858,329328.6578,482368.8283,
1425,11/27/2018,411430.3565,334055.9445,486399.2718,
1426,11/28/2018,414647.1497,338977.9103,483025.9278,
1427,11/29/2018,416059.6898,338779.6212,490109.7012,
1428,11/30/2018,417436.1789,342556.504,494124.7787,
1429,12/1/2018,409243.5471,335760.2391,483524.0794,
1430,12/2/2018,410450.5275,333466.3633,490770.8996,
1431,12/3/2018,423839.5157,343998.7524,500264.4814,
1432,12/4/2018,429897.9155,352145.1923,504188.6775,
1433,12/5/2018,433231.6739,351466.9145,506257.4358,
1434,12/6/2018,434624.3391,354681.5382,508176.2437,
1435,12/7/2018,435841.22,357405.1616,513409.444,
1436,12/8/2018,427348.4234,349500.6372,504872.8954,
1437,12/9/2018,428115.9807,349279.6718,502715.5709,
1438,12/10/2018,440929.7198,363973.3199,518975.2467,
1439,12/11/2018,446282.5866,369159.7421,523365.9631,
1440,12/12/2018,448788.1156,368502.3639,525788.1045,
1441,12/13/2018,449239.3857,367392.187,530348.723,
1442,12/14/2018,449413.0402,367454.9687,527997.004,
1443,12/15/2018,439788.1511,360259.9267,522066.4412,
1444,12/16/2018,439349.1394,357957.2103,522534.8827,
1445,12/17/2018,450897.4144,371493.7965,536204.4366,
1446,12/18/2018,454942.4364,373033.1564,536302.1596,
1447,12/19/2018,456114.9118,373729.5481,539235.1561,
1448,12/20/2018,455225.4572,369889.0996,532590.0454,
1449,12/21/2018,454068.3216,370437.0622,539880.7862,
1450,12/22/2018,443139.9484,361514.6799,522084.2611,
1451,12/23/2018,441441.5983,357897.241,526050.9371,
1452,12/24/2018,451790.6996,369344.1705,534474.3255,
1453,12/25/2018,454711.6381,367152.0916,541369.0912,
1454,12/26/2018,454848.6982,369110.1373,538841.5586,
1455,12/27/2018,453024.5012,367552.1648,537843.6054,
1456,12/28/2018,451043.5296,367469.5393,535026.1353,
1457,12/29/2018,439410.5273,351670.3017,521303.9934,
1458,12/30/2018,437132.997,352112.5094,515221.025,
1459,12/31/2018,447032.4661,360868.0167,528253.7586,
1460,1/1/2019,449635.2329,363784.1888,537053.4121,
1461,1/2/2019,449585.3077,364901.9238,535629.1504,
1462,1/3/2019,447702.8921,359531.8211,532110.1201,
1463,1/4/2019,445787.9866,354882.8544,533101.9219,
1464,1/5/2019,434338.9131,344635.8581,518121.7847,
1465,1/6/2019,432354.9715,345766.4788,520159.0156,
1466,1/7/2019,442647.8974,358339.7431,530401.7781,
1467,1/8/2019,445732.8293,352907.5917,535554.8485,
1468,1/9/2019,446241.4943,360550.1851,529513.4628,
1469,1/10/2019,444980.9511,357410.8252,530752.6784,
1470,1/11/2019,443737.4737,348373.9083,532789.6431,
1471,1/12/2019,432995.3564,343592.7976,525824.0561,
1472,1/13/2019,431739.8548,339980.5132,524581.8354,
1473,1/14/2019,442768.9209,352225.4412,530986.9259,
1474,1/15/2019,446584.4376,361074.9469,535215.9745,
1475,1/16/2019,447805.6544,356260.0272,537807.1309,
1476,1/17/2019,447228.1576,357310.7699,537099.625,
1477,1/18/2019,446627.9547,355538.1543,539440.1644,
1478,1/19/2019,436480.4501,342696.2057,528181.0097,
1479,1/20/2019,435763.5206,339863.2233,526889.4922,
1480,1/21/2019,447269.3505,358013.7101,543449.9324,
1481,1/22/2019,451495.7268,364313.361,543519.3904,
1482,1/23/2019,453059.4964,360634.2145,543046.2895,
1483,1/24/2019,452755.5198,356792.7314,544711.2452,
1484,1/25/2019,452360.7016,361262.0648,547016.3867,
1485,1/26/2019,442352.8752,349489.7464,529967.4123,
1486,1/27/2019,441713.756,344491.9514,535056.7822,
1487,1/28/2019,453240.6243,357123.3395,546917.6551,
1488,1/29/2019,457437.4425,363430.5503,546720.2619,
1489,1/30/2019,458928.1149,362750.533,550964.9987,
1490,1/31/2019,458515.2276,363604.0988,553021.809,
1491,2/1/2019,457983.856,359494.1349,549500.3819,
1492,2/2/2019,447820.2212,351560.5403,540657.3429,
1493,2/3/2019,447014.4179,350988.2913,544696.1842,
1494,2/4/2019,458371.8765,361971.7656,556717.2463,
1495,2/5/2019,462404.2731,369753.1715,557417.7744,
1496,2/6/2019,463742.5985,367416.6598,556569.3305,
1497,2/7/2019,463195.7286,371915.4767,560230.7664,
1498,2/8/2019,462554.0874,364727.8461,560882.6705,
1499,2/9/2019,452308.1876,350284.517,554491.9873,
1500,2/10/2019,451451.2722,352718.1812,552099.2003,
1501,2/11/2019,462790.7242,368224.0011,557975.5861,
1502,2/12/2019,466838.9558,370062.4225,564231.8535,
1503,2/13/2019,468226.4899,368838.6246,568621.9131,
1504,2/14/2019,467760.5753,364991.6146,569028.9185,
1505,2/15/2019,467228.9239,373117.2932,563658.2159,
1506,2/16/2019,457118.3545,356080.2134,555718.4137,
1507,2/17/2019,456417.5618,359364.0209,556555.7509,
1508,2/18/2019,467928.6733,364299.5403,567752.9867,
1509,2/19/2019,472158.3044,368457.5176,573881.083,
1510,2/20/2019,473730.8169,373453.5651,578838.1404,
1511,2/21/2019,473447.1182,376676.3149,573963.5774,
1512,2/22/2019,473088.5861,370429.7981,576400.4129,
1513,2/23/2019,463135.8963,354213.1978,568064.2659,
1514,2/24/2019,462571.9682,356323.3379,566823.6254,
1515,2/25/2019,474193.6874,374564.3232,580637.3753,
1516,2/26/2019,478503.1086,377121.2353,582773.9015,
1517,2/27/2019,480120.8431,371691.0422,586318.7226,
1518,2/28/2019,479844.9638,375293.4316,589360.6231,
1519,3/1/2019,479455.0094,373836.7748,584126.937,
1520,3/2/2019,469430.8642,358501.8062,578033.8518,
1521,3/3/2019,468755.7279,363925.6723,575715.2948,
1522,3/4/2019,480227.8322,373558.336,589773.6644,
1523,3/5/2019,484351.61,378513.755,591050.6864,
1524,3/6/2019,485751.0214,380143.9238,594425.6773,
1525,3/7/2019,485228.3714,381821.0885,599951.3148,
1526,3/8/2019,484568.204,376578.9166,592552.0641,
1527,3/9/2019,474256.0524,368437.5055,584291.0215,
1528,3/10/2019,473281.2613,365834.4546,582761.4559,
1529,3/11/2019,484448.5451,373627.8344,594253.3593,
1530,3/12/2019,488268.9897,377414.1204,600458.7023,
1531,3/13/2019,489373.2074,375908.5964,599696.7477,
1532,3/14/2019,488569.9846,379133.0381,595708.3232,
1533,3/15/2019,487650.0105,380729.8738,597420.5133,
1534,3/16/2019,477104.4718,357764.3732,586125.5022,
1535,3/17/2019,475927.7326,364564.0752,587435.6864,
1536,3/18/2019,486928.7674,380411.6686,601224.0155,
1537,3/19/2019,490622.0578,374038.3881,607085.9039,
1538,3/20/2019,491640.6641,381375.0607,606596.363,
1539,3/21/2019,490794.8159,385415.6563,600892.4014,
1540,3/22/2019,489875.6081,375235.2573,600589.9132,
1541,3/23/2019,479373.5901,367047.5575,592801.142,
1542,3/24/2019,478281.4665,363181.0915,593117.0345,
1543,3/25/2019,489405.5767,378757.2425,606077.4819,
1544,3/26/2019,493256.8615,380901.5516,605132.1756,
1545,3/27/2019,494464.029,374746.0253,605789.3378,
1546,3/28/2019,493832.2562,386216.2498,609060.8635,
1547,3/29/2019,493147.0151,377662.3808,600735.5922,
1548,3/30/2019,482892.8034,363458.0562,597070.0778,
1549,3/31/2019,482055.9977,371631.0252,601897.5352,
1550,4/1/2019,493436.489,369258.4444,609158.6429,
1551,4/2/2019,497538.8088,380871.0678,612843.3547,
1552,4/3/2019,498985.45,378009.301,615721.2159,
1553,4/4/2019,498575.7184,380397.9485,614523.3226,
1554,4/5/2019,498089.6974,384319.894,615012.6617,
1555,4/6/2019,488007.1046,370221.7685,603918.3798,
1556,4/7/2019,487310.2533,375536.8542,610834.2843,
1557,4/8/2019,498795.7784,374682.8543,616406.1524,
1558,4/9/2019,502965.8309,382844.0151,621557.0997,
1559,4/10/2019,504441.445,385594.5096,625180.2248,
1560,4/11/2019,504021.4124,384914.0772,622262.5019,
1561,4/12/2019,503486.2463,374421.4464,624755.7369,
1562,4/13/2019,493317.014,375899.4955,618480.832,
1563,4/14/2019,492498.2526,372105.7338,616273.0786,
1564,4/15/2019,503829.6277,385714.3216,627922.3181,
1565,4/16/2019,507817.0429,385847.4351,637194.6255,
1566,4/17/2019,509085.905,385591.6572,631200.7061,
1567,4/18/2019,508439.8837,386081.5621,627462.8584,
1568,4/19/2019,507664.7509,384745.2956,635506.4918,
1569,4/20/2019,497247.0809,374706.9216,622439.9381,
1570,4/21/2019,496177.0315,375265.4483,626985.1165,
1571,4/22/2019,507259.8671,382106.9801,628334.4594,
1572,4/23/2019,511006.9376,393733.9491,635963.7146,
1573,4/24/2019,512048.818,390017.6967,636392.6254,
1574,4/25/2019,511193.9537,383308.0463,635940.4672,
1575,4/26/2019,510232.3969,388314.6329,635018.0029,
1576,4/27/2019,499654.4197,369515.1783,630315.0483,
1577,4/28/2019,498453.2234,371501.9388,631569.9401,
1578,4/29/2019,509436.4092,378677.2457,637186.8975,
1579,4/30/2019,513116.9224,385565.0949,644785.2239,
1580,5/1/2019,514126.1774,389315.8617,648793.9708,
1581,5/2/2019,513272.7076,383033.5146,646222.6337,
1582,5/3/2019,512345.9243,389610.2227,640073.8218,
1583,5/4/2019,501834.7702,377667.7365,626664.5104,
1584,5/5/2019,500730.4848,370897.4995,636164.2252,
1585,5/6/2019,511838.1458,373091.7424,635993.4242,
1586,5/7/2019,515667.6941,391846.8501,645965.2093,
1587,5/8/2019,516847.1512,391047.0779,650507.4917,
1588,5/9/2019,516181.3656,389931.9831,643376.6816,
1589,5/10/2019,515455.8739,384480.6271,648378.4858,
1590,5/11/2019,505155.6565,379597.2431,640493.8574,
1591,5/12/2019,504268.0038,365929.8729,642505.6171,
1592,5/13/2019,515594.1533,382665.9339,646112.3024,
1593,5/14/2019,519640.405,393657.8527,658158.1858,
1594,5/15/2019,521031.4184,389360.579,655721.2184,
1595,5/16/2019,520569.029,384989.7971,654573.514,
1596,5/17/2019,520036.1661,389520.2695,653226.0352,
1597,5/18/2019,509915.6526,377506.6389,647473.7637,
1598,5/19/2019,509193.1003,370297.8993,641690.5502,
1599,5/20/2019,520668.562,386169.4923,659133.9436,
1600,5/21/2019,524847.6472,388772.6526,660225.2059,
1601,5/22/2019,526354.8058,390601.8486,664518.3481,
1602,5/23/2019,525992.1178,392866.0438,664976.4215,
1603,5/24/2019,525543.1728,392483.7814,664969.0139,
1604,5/25/2019,515491.8212,382846.3209,649019.5458,
1605,5/26/2019,514825.0125,381846.8241,658054.6696,
1606,5/27/2019,526344.3834,389569.2558,661213.7152,
1607,5/28/2019,530557.3056,391694.0961,668561.2235,
1608,5/29/2019,532090.0989,399115.9669,668244.7139,
1609,5/30/2019,531746.7505,390470.114,671824.2228,
1610,5/31/2019,531312.7261,385294.0809,673649.1673,
1611,6/1/2019,521273.6564,383204.6807,658914.7015,
1612,6/2/2019,520618.1163,382658.4658,667632.2521,
1613,6/3/2019,532149.1624,392766.6014,682332.6686,
1614,6/4/2019,536375.3374,388019.4063,679959.9144,
1615,6/5/2019,537923.8506,397417.4784,683216.8458,
1616,6/6/2019,537599.2748,394635.5357,674068.4585,
1617,6/7/2019,537187.3457,392003.7956,680041.1506,
1618,6/8/2019,527173.6473,382431.8021,675193.5265,
1619,6/9/2019,526546.4014,380513.8903,673536.6243,
1620,6/10/2019,538108.0247,403202.284,684503.7002,
1621,6/11/2019,542366.1622,405084.491,689117.4033,
1622,6/12/2019,543946.9043,396134.3113,691969.491,
1623,6/13/2019,543653.5275,398760.9478,694196.605,
1624,6/14/2019,543270.3421,398250.1215,687122.868,
1625,6/15/2019,533281.4298,395178.4665,680843.1791,
1626,6/16/2019,532673.4864,382057.8878,682578.6467,
1627,6/17/2019,544247.4329,396130.9561,692740.6184,
1628,6/18/2019,548509.5005,403597.7717,696385.5807,
1629,6/19/2019,550084.4963,406537.5274,701672.4125,
1630,6/20/2019,549774.5874,399469.8555,702662.2068,
1631,6/21/2019,549363.1859,399091.2035,694616.5987,
1632,6/22/2019,539333.7173,391341.5709,683896.0032,
1633,6/23/2019,538672.4846,392629.5814,695679.6548,
1634,6/24/2019,550180.2931,399230.0133,698932.4418,
1635,6/25/2019,554363.5395,413668.8938,704347.2161,
1636,6/26/2019,555847.4734,406681.3892,708997.4845,
1637,6/27/2019,555434.9676,409995.9429,709646.9768,
1638,6/28/2019,554910.3818,401927.6083,709690.5091,
1639,6/29/2019,544758.3011,388918.7599,701979.5848,
1640,6/30/2019,543966.3655,385768.5343,696927.9428,
1641,7/1/2019,555336.853,404837.8729,708233.3421,
1642,7/2/2019,559377.7243,403829.7455,718151.9396,
1643,7/3/2019,560715.8365,412343.8963,717339.6999,
1644,7/4/2019,560155.6651,412179.2768,719544.3137,
1645,7/5/2019,559483.1198,403431.1393,713116.4875,
1646,7/6/2019,549184.2372,392979.7026,706481.1348,
1647,7/7/2019,548247.9676,394901.0791,700000.3483,
1648,7/8/2019,559477.7203,405314.1267,711051.3406,
1649,7/9/2019,563382.3767,418030.352,730442.0655,
1650,7/10/2019,564589.4783,410105.6863,719067.0258,
1651,7/11/2019,563903.9323,408712.1189,724817.4917,
1652,7/12/2019,563111.8174,401821.9981,727940.8272,
1653,7/13/2019,552699.0754,394702.9975,710097.5957,
1654,7/14/2019,551654.3064,395864.6788,716801.4577,
1655,7/15/2019,562780.3291,404015.5887,723619.7079,
1656,7/16/2019,566585.2172,408390.1074,729430.5639,
1657,7/17/2019,567695.5189,412163.3735,727829.0303,
1658,7/18/2019,566914.9975,407961.1811,735307.0225,
1659,7/19/2019,566028.4795,408265.2965,725599.9601,
1660,7/20/2019,555520.5918,395038.1537,726027.5754,
1661,7/21/2019,554378.6032,388078.3883,717327.2407,
1662,7/22/2019,565404.0342,401790.4779,723518.0839,
1663,7/23/2019,569103.7415,413493.0236,737386.4245,
1664,7/24/2019,570103.1826,412154.4344,736015.5104,
1665,7/25/2019,569205.2006,408936.7154,734854.8494,
1666,7/26/2019,568193.9093,403138.2455,729430.5279,
1667,7/27/2019,557553.4635,398737.8313,718400.3865,
1668,7/28/2019,556270.9263,397546.8309,720729.832,
1669,7/29/2019,567147.8967,406323.2899,734812.696,
1670,7/30/2019,570691.6043,404684.2339,734974.8033,
1671,7/31/2019,571528.1763,406908.802,740096.0283,
1672,8/1/2019,570461.4139,401872.6551,738456.1809,
1673,8/2/2019,569276.6632,404916.1129,745800.5988,
1674,8/3/2019,558459.5614,393441.1944,725731.7943,
1675,8/4/2019,556998.8728,390966.1494,728431.4893,
1676,8/5/2019,567698.0793,398109.8452,739971.5062,
1677,8/6/2019,571066.431,403629.0564,742164.6317,
1678,8/7/2019,571732.1645,408357.926,734060.5992,
1679,8/8/2019,570501.2288,403883.5363,745964.7896,
1680,8/9/2019,569161.1019,400853.2897,737901.3631,
1681,8/10/2019,558199.483,386884.279,732355.4599,
1682,8/11/2019,556607.0753,383684.2864,731749.3636,
1683,8/12/2019,567189.125,401581.149,738448.1615,
1684,8/13/2019,570456.4251,404407.4106,743420.4465,
1685,8/14/2019,571038.491,406264.2974,751261.6092,
1686,8/15/2019,569742.2494,399713.0121,744106.9943,
1687,8/16/2019,568355.8261,393412.3532,746250.3802,
1688,8/17/2019,557367.2159,387428.1039,730536.573,
1689,8/18/2019,555767.0527,382659.5473,729639.9254,
1690,8/19/2019,566360.1443,396534.9589,744060.2709,
1691,8/20/2019,569656.4799,398910.0328,742591.105,
1692,8/21/2019,570284.4202,398857.6925,752738.8842,
1693,8/22/2019,569049.4084,396757.0742,746482.3526,
1694,8/23/2019,567737.7886,403063.4216,748944.7361,
1695,8/24/2019,556835.5133,385509.8478,735034.432,
1696,8/25/2019,555330.9591,389765.1327,737351.2675,
1697,8/26/2019,566026.5108,388948.2702,737757.6436,
1698,8/27/2019,569429.6248,396724.1904,744508.283,
1699,8/28/2019,570166.0766,394387.137,754437.0876,
1700,8/29/2019,569038.7318,385483.8056,756083.6621,
1701,8/30/2019,567831.4249,398496.8688,742660.44,
1702,8/31/2019,557027.7264,378579.3801,735702.5512,
1703,9/1/2019,555613.8152,378927.9943,736551.359,
1704,9/2/2019,566390.1167,384119.3745,750836.2241,
1705,9/3/2019,569862.4144,392289.8096,753145.9523,
1706,9/4/2019,570655.1403,389601.0196,751637.3771,
1707,9/5/2019,569570.1814,380378.2292,756354.8863,
1708,9/6/2019,568390.786,386007.5294,750925.0427,
1709,9/7/2019,557600.3506,380379.9821,736850.0683,
1710,9/8/2019,556185.3022,371754.2309,740502.8194,
1711,9/9/2019,566946.7374,383858.1803,750029.7707,
1712,9/10/2019,570391.5255,381733.5716,753416.7915,
1713,9/11/2019,571145.5813,384198.0841,758608.7833,
1714,9/12/2019,570012.6449,380137.2363,752148.6047,
1715,9/13/2019,568778.1527,385350.7173,754001.4449,
1716,9/14/2019,557927.9811,370143.3303,745007.3724,
1717,9/15/2019,556451.2787,372519.46,746218.1715,
1718,9/16/2019,567152.0492,386069.4686,754271.9907,
1719,9/17/2019,570540.1933,383833.2155,757769.4791,
1720,9/18/2019,571244.7161,380947.7544,765428.7002,
1721,9/19/2019,570072.4395,385390.6092,759141.1266,
1722,9/20/2019,568811.804,383901.9627,758541.7013,
1723,9/21/2019,557951.5439,365156.585,752571.6209,
1724,9/22/2019,556483.4518,368416.1745,745584.1217,
1725,9/23/2019,567213.8972,379145.4989,760877.9483,
1726,9/24/2019,570654.8074,380340.0356,758152.0209,
1727,9/25/2019,571436.8205,390227.6422,763729.8621,
1728,9/26/2019,570367.9482,385423.4377,758595.6989,
1729,9/27/2019,569237.3376,378468.7952,764102.4881,
1730,9/28/2019,558533.9129,370947.2414,740657.6249,
1731,9/29/2019,557249.117,364128.6835,742922.2218,
1732,9/30/2019,568188.4166,376494.3551,757240.73,
1733,10/1/2019,571862.2805,376753.0163,760047.9973,
1734,10/2/2019,572899.34,382446.7926,762539.2104,
1735,10/3/2019,572105.0713,376026.876,763354.7818,
1736,10/4/2019,571265.5862,376520.1423,771935.0247,
1737,10/5/2019,560866.3146,368343.1319,763066.6453,
1738,10/6/2019,559894.7967,368711.5063,759415.0619,
1739,10/7/2019,571152.2483,370196.7994,767113.095,
1740,10/8/2019,575144.6086,379187.0189,776493.0329,
1741,10/9/2019,576495.7774,384461.2109,776696.0445,
1742,10/10/2019,576006.3812,367404.0149,780414.2638,
1743,10/11/2019,575457.6541,379803.8153,772524.7733,
1744,10/12/2019,565330.2133,368272.0297,763970.1271,
1745,10/13/2019,564606.9479,366801.1468,765097.8742,
1746,10/14/2019,576084.6813,373643.2539,775817.6974,
1747,10/15/2019,580265.3151,388379.4319,785659.3487,
1748,10/16/2019,581769.1607,381108.4815,785528.3348,
1749,10/17/2019,581393.795,379832.2534,782225.6402,
1750,10/18/2019,580918.0243,381403.182,784761.1764,
1751,10/19/2019,570820.7359,374838.8191,775788.3299,
1752,10/20/2019,570083.8525,373863.7068,777502.2855,
1753,10/21/2019,581504.0493,375842.9226,786223.5695,
1754,10/22/2019,585583.9401,389849.2265,801663.5521,
1755,10/23/2019,586945.4366,384142.9659,794507.7858,
1756,10/24/2019,586388.6167,389553.6052,797514.4998,
1757,10/25/2019,585695.6847,391861.8198,792144.4193,
1758,10/26/2019,575349.803,374893.8396,779863.3581,
1759,10/27/2019,574338.0082,373280.1798,784335.5337,
1760,10/28/2019,585462.8736,392131.874,785245.2392,
1761,10/29/2019,589233.6233,389483.7084,793498.5058,
1762,10/30/2019,590279.402,395739.9716,797829.0436,
1763,10/31/2019,589408.0396,391541.8835,799428.7429,
1764,11/1/2019,588409.8922,383744.6935,795248.8678,
1765,11/2/2019,577776.5415,366422.0118,794573.0626,
1766,11/3/2019,576503.5682,366560.9078,789168.3922,
1767,11/4/2019,587402.0624,377955.017,796547.3596,
1768,11/5/2019,590989.5789,392424.6624,792352.2186,
1769,11/6/2019,591903.2455,377381.4681,805704.595,
1770,11/7/2019,590958.3636,382651.8814,805471.9876,
1771,11/8/2019,589952.0882,382782.5555,805055.5688,
1772,11/9/2019,579381.972,375274.3738,791915.0839,
1773,11/10/2019,578248.5906,364085.1759,793932.929,
1774,11/11/2019,589366.9176,382759.752,806278.6585,
1775,11/12/2019,593257.1586,381347.7654,800966.5887,
1776,11/13/2019,594557.7552,385665.7586,810866.8486,
1777,11/14/2019,594083.903,380947.2736,807462.6307,
1778,11/15/2019,593631.1702,382867.9531,816361.593,
1779,11/16/2019,583694.0056,373756.8608,808056.8245,
1780,11/17/2019,583268.3549,371195.785,802430.6767,
1781,11/18/2019,595163.0525,389002.3145,807889.3207,
1782,11/19/2019,599890.7025,384623.5156,815514.1439,
1783,11/20/2019,602080.7576,385191.7728,819122.6491,
1784,11/21/2019,602538.1391,386910.933,826590.2536,
1785,11/22/2019,603046.9862,387224.1019,830910.2932,
1786,11/23/2019,594089.3195,382622.748,813988.5924,
1787,11/24/2019,594647.8361,374589.7127,808836.6524,
1788,11/25/2019,607517.5022,391345.0285,835704.3282,
1789,11/26/2019,613196.651,392273.3339,828289.3352,
1790,11/27/2019,616300.2945,401718.7373,846430.6088,
1791,11/28/2019,617618.9852,407827.6888,844013.1994,
1792,11/29/2019,618922.8137,403240.2159,844460.5655,
1793,11/30/2019,610680.3213,388934.6586,830922.6717,
1794,12/1/2019,611861.541,393192.5922,837542.4072,
1795,12/2/2019,625249.8275,407502.8965,853601.0894,
1796,12/3/2019,631333.1801,416138.1566,860046.8505,
1797,12/4/2019,634717.7604,406934.6723,859629.1667,
1798,12/5/2019,636186.9394,415691.0009,865484.5875,
1799,12/6/2019,637505.4536,415180.3424,862972.727,
1800,12/7/2019,629138.4455,407525.2127,850081.8437,
1801,12/8/2019,630054.6013,415605.3291,857724.662,
1802,12/9/2019,643038.0406,429408.1968,876112.691,
1803,12/10/2019,648579.6626,428812.1393,881993.6645,
1804,12/11/2019,651290.648,428470.4678,874178.4855,
1805,12/12/2019,651961.4522,434400.5001,883858.249,
1806,12/13/2019,652365.8677,430073.5646,880139.1657,
1807,12/14/2019,642979.936,416983.6659,871240.6491,
1808,12/15/2019,642784.9185,415644.2331,873033.7488,
1809,12/16/2019,654578.9897,423999.3501,886243.4548,
1810,12/17/2019,658868.3549,435575.8899,888702.7451,
1811,12/18/2019,660280.5017,440849.5479,888370.3316,
1812,12/19/2019,659622.9194,428252.374,893707.9199,
1813,12/20/2019,658686.8751,430644.639,893711.888,
1814,12/21/2019,647966.0267,411382.2162,877064.7016,
1815,12/22/2019,646459.0942,418165.3206,886257.1513,
1816,12/23/2019,656981.2518,429855.7083,892189.6503,
1817,12/24/2019,660054.9558,431597.4117,893291.5208,
1818,12/25/2019,660322.9167,434108.5122,891785.3119,
1819,12/26/2019,658606.5616,424581.5721,893721.5708,
1820,12/27/2019,656709.575,428392.7425,887054.5829,
1821,12/28/2019,645136.3079,406678.3084,876292.0533,
1822,12/29/2019,642894.2772,404986.964,893188.4693,
1823,12/30/2019,652805.4233,422053.1403,885753.1314,
1824,12/31/2019,655396.843,423200.4316,892044.3959,
